name,candy*km,max_level,cp_per_powerup,cp_per_km,avg_per_10000,score
BULBASAUR,3,10.5,13,4.333333333333333,69.0,0.06280193236714976
BULBASAUR,6,20.5,13,2.1666666666666665,69.0,0.03140096618357488
BULBASAUR,9,25.5,13,1.4444444444444444,69.0,0.020933977455716585
BULBASAUR,12,30.5,13,1.0833333333333333,69.0,0.01570048309178744
BULBASAUR,18,32.5,13,0.7222222222222222,69.0,0.010466988727858293
BULBASAUR,24,34.5,13,0.5416666666666666,69.0,0.00785024154589372
BULBASAUR,30,36.5,13,0.43333333333333335,69.0,0.006280193236714976
BULBASAUR,36,38.5,13,0.3611111111111111,69.0,0.005233494363929146
BULBASAUR,45,39.5,13,0.28888888888888886,69.0,0.004186795491143317
IVYSAUR,3,10.5,22,7.333333333333333,4.2,1.7460317460317458
IVYSAUR,6,20.5,22,3.6666666666666665,4.2,0.8730158730158729
IVYSAUR,9,25.5,22,2.4444444444444446,4.2,0.582010582010582
IVYSAUR,12,30.5,22,1.8333333333333333,4.2,0.43650793650793646
IVYSAUR,18,32.5,22,1.2222222222222223,4.2,0.291005291005291
IVYSAUR,24,34.5,22,0.9166666666666666,4.2,0.21825396825396823
IVYSAUR,30,36.5,22,0.7333333333333333,4.2,0.1746031746031746
IVYSAUR,36,38.5,22,0.6111111111111112,4.2,0.1455026455026455
IVYSAUR,45,39.5,22,0.4888888888888889,4.2,0.1164021164021164
VENUSAUR,3,10.5,33,11.0,1.7,6.470588235294118
VENUSAUR,6,20.5,33,5.5,1.7,3.235294117647059
VENUSAUR,9,25.5,33,3.6666666666666665,1.7,2.156862745098039
VENUSAUR,12,30.5,33,2.75,1.7,1.6176470588235294
VENUSAUR,18,32.5,33,1.8333333333333333,1.7,1.0784313725490196
VENUSAUR,24,34.5,33,1.375,1.7,0.8088235294117647
VENUSAUR,30,36.5,33,1.1,1.7,0.6470588235294118
VENUSAUR,36,38.5,33,0.9166666666666666,1.7,0.5392156862745098
VENUSAUR,45,39.5,33,0.7333333333333333,1.7,0.4313725490196078
CHARMANDER,3,10.5,13,4.333333333333333,25.3,0.17127799736495386
CHARMANDER,6,20.5,13,2.1666666666666665,25.3,0.08563899868247693
CHARMANDER,9,25.5,13,1.4444444444444444,25.3,0.05709266578831796
CHARMANDER,12,30.5,13,1.0833333333333333,25.3,0.042819499341238465
CHARMANDER,18,32.5,13,0.7222222222222222,25.3,0.02854633289415898
CHARMANDER,24,34.5,13,0.5416666666666666,25.3,0.021409749670619233
CHARMANDER,30,36.5,13,0.43333333333333335,25.3,0.017127799736495388
CHARMANDER,36,38.5,13,0.3611111111111111,25.3,0.01427316644707949
CHARMANDER,45,39.5,13,0.28888888888888886,25.3,0.01141853315766359
CHARIZARD,3,10.5,33,11.0,0.31,35.483870967741936
CHARIZARD,6,20.5,33,5.5,0.31,17.741935483870968
CHARIZARD,9,25.5,33,3.6666666666666665,0.31,11.827956989247312
CHARIZARD,12,30.5,33,2.75,0.31,8.870967741935484
CHARIZARD,18,32.5,33,1.8333333333333333,0.31,5.913978494623656
CHARIZARD,24,34.5,33,1.375,0.31,4.435483870967742
CHARIZARD,30,36.5,33,1.1,0.31,3.548387096774194
CHARIZARD,36,38.5,33,0.9166666666666666,0.31,2.956989247311828
CHARIZARD,45,39.5,33,0.7333333333333333,0.31,2.365591397849462
SQUIRTLE,3,10.5,13,4.333333333333333,58.0,0.07471264367816091
SQUIRTLE,6,20.5,13,2.1666666666666665,58.0,0.037356321839080456
SQUIRTLE,9,25.5,13,1.4444444444444444,58.0,0.02490421455938697
SQUIRTLE,12,30.5,13,1.0833333333333333,58.0,0.018678160919540228
SQUIRTLE,18,32.5,13,0.7222222222222222,58.0,0.012452107279693486
SQUIRTLE,24,34.5,13,0.5416666666666666,58.0,0.009339080459770114
SQUIRTLE,30,36.5,13,0.43333333333333335,58.0,0.007471264367816092
SQUIRTLE,36,38.5,13,0.3611111111111111,58.0,0.006226053639846743
SQUIRTLE,45,39.5,13,0.28888888888888886,58.0,0.004980842911877394
BLASTOISE,3,10.5,30,10.0,0.67,14.925373134328357
BLASTOISE,3,10.5,32,10.666666666666666,0.67,15.920398009950247
BLASTOISE,6,20.5,30,5.0,0.67,7.462686567164178
BLASTOISE,6,20.5,32,5.333333333333333,0.67,7.960199004975124
BLASTOISE,9,25.5,30,3.3333333333333335,0.67,4.975124378109452
BLASTOISE,9,25.5,32,3.5555555555555554,0.67,5.306799336650083
BLASTOISE,12,30.5,30,2.5,0.67,3.731343283582089
BLASTOISE,12,30.5,32,2.6666666666666665,0.67,3.980099502487562
BLASTOISE,18,32.5,30,1.6666666666666667,0.67,2.487562189054726
BLASTOISE,18,32.5,32,1.7777777777777777,0.67,2.6533996683250414
BLASTOISE,24,34.5,30,1.25,0.67,1.8656716417910446
BLASTOISE,24,34.5,32,1.3333333333333333,0.67,1.990049751243781
BLASTOISE,30,36.5,30,1.0,0.67,1.4925373134328357
BLASTOISE,30,36.5,32,1.0666666666666667,0.67,1.5920398009950247
BLASTOISE,36,38.5,30,0.8333333333333334,0.67,1.243781094527363
BLASTOISE,36,38.5,32,0.8888888888888888,0.67,1.3266998341625207
BLASTOISE,45,39.5,30,0.6666666666666666,0.67,0.9950248756218905
BLASTOISE,45,39.5,32,0.7111111111111111,0.67,1.0613598673300166
BUTTERFREE,1,10.5,18,18.0,2.2,8.181818181818182
BUTTERFREE,2,20.5,18,9.0,2.2,4.090909090909091
BUTTERFREE,3,25.5,18,6.0,2.2,2.727272727272727
BUTTERFREE,4,30.5,18,4.5,2.2,2.0454545454545454
BUTTERFREE,6,32.5,18,3.0,2.2,1.3636363636363635
BUTTERFREE,8,34.5,18,2.25,2.2,1.0227272727272727
BUTTERFREE,10,36.5,18,1.8,2.2,0.8181818181818181
BUTTERFREE,12,38.5,18,1.5,2.2,0.6818181818181818
BUTTERFREE,15,39.5,18,1.2,2.2,0.5454545454545454
BEEDRILL,1,10.5,20,20.0,5.1,3.9215686274509807
BEEDRILL,2,20.5,20,10.0,5.1,1.9607843137254903
BEEDRILL,3,25.5,20,6.666666666666667,5.1,1.3071895424836604
BEEDRILL,4,30.5,20,5.0,5.1,0.9803921568627452
BEEDRILL,6,32.5,20,3.3333333333333335,5.1,0.6535947712418302
BEEDRILL,8,34.5,20,2.5,5.1,0.4901960784313726
BEEDRILL,10,36.5,20,2.0,5.1,0.3921568627450981
BEEDRILL,12,38.5,20,1.6666666666666667,5.1,0.3267973856209151
BEEDRILL,15,39.5,20,1.3333333333333333,5.1,0.26143790849673204
PIDGEY,1,10.5,10,10.0,1598.0,0.006257822277847309
PIDGEY,2,20.5,10,5.0,1598.0,0.0031289111389236545
PIDGEY,3,25.5,10,3.3333333333333335,1598.0,0.0020859407592824365
PIDGEY,4,30.5,10,2.5,1598.0,0.0015644555694618273
PIDGEY,6,32.5,10,1.6666666666666667,1598.0,0.0010429703796412183
PIDGEY,8,34.5,10,1.25,1598.0,0.0007822277847309136
PIDGEY,10,36.5,10,1.0,1598.0,0.0006257822277847309
PIDGEY,12,38.5,10,0.8333333333333334,1598.0,0.0005214851898206091
PIDGEY,15,39.5,10,0.6666666666666666,1598.0,0.00041718815185648727
PIDGEOTTO,1,10.5,18,18.0,102.0,0.17647058823529413
PIDGEOTTO,2,20.5,18,9.0,102.0,0.08823529411764706
PIDGEOTTO,3,25.5,18,6.0,102.0,0.058823529411764705
PIDGEOTTO,4,30.5,18,4.5,102.0,0.04411764705882353
PIDGEOTTO,6,32.5,18,3.0,102.0,0.029411764705882353
PIDGEOTTO,8,34.5,18,2.25,102.0,0.022058823529411766
PIDGEOTTO,10,36.5,18,1.8,102.0,0.01764705882352941
PIDGEOTTO,12,38.5,18,1.5,102.0,0.014705882352941176
PIDGEOTTO,15,39.5,18,1.2,102.0,0.011764705882352941
PIDGEOT,1,10.5,29,29.0,13.0,2.230769230769231
PIDGEOT,2,20.5,29,14.5,13.0,1.1153846153846154
PIDGEOT,3,25.5,29,9.666666666666666,13.0,0.7435897435897435
PIDGEOT,4,30.5,29,7.25,13.0,0.5576923076923077
PIDGEOT,6,32.5,29,4.833333333333333,13.0,0.37179487179487175
PIDGEOT,8,34.5,29,3.625,13.0,0.27884615384615385
PIDGEOT,10,36.5,29,2.9,13.0,0.22307692307692306
PIDGEOT,12,38.5,29,2.4166666666666665,13.0,0.18589743589743588
PIDGEOT,15,39.5,29,1.9333333333333333,13.0,0.14871794871794872
RATTATA,1,10.5,7,7.0,1305.0,0.0053639846743295016
RATTATA,2,20.5,7,3.5,1305.0,0.0026819923371647508
RATTATA,3,25.5,7,2.3333333333333335,1305.0,0.0017879948914431673
RATTATA,4,30.5,7,1.75,1305.0,0.0013409961685823754
RATTATA,6,32.5,7,1.1666666666666667,1305.0,0.0008939974457215837
RATTATA,8,34.5,7,0.875,1305.0,0.0006704980842911877
RATTATA,10,36.5,7,0.7,1305.0,0.0005363984674329502
RATTATA,12,38.5,7,0.5833333333333334,1305.0,0.00044699872286079183
RATTATA,15,39.5,7,0.4666666666666667,1305.0,0.00035759897828863347
RATICATE,1,10.5,20,20.0,41.0,0.4878048780487805
RATICATE,2,20.5,20,10.0,41.0,0.24390243902439024
RATICATE,3,25.5,20,6.666666666666667,41.0,0.16260162601626016
RATICATE,4,30.5,20,5.0,41.0,0.12195121951219512
RATICATE,6,32.5,20,3.3333333333333335,41.0,0.08130081300813008
RATICATE,8,34.5,20,2.5,41.0,0.06097560975609756
RATICATE,10,36.5,20,2.0,41.0,0.04878048780487805
RATICATE,12,38.5,20,1.6666666666666667,41.0,0.04065040650406504
RATICATE,15,39.5,20,1.3333333333333333,41.0,0.03252032520325203
FEAROW,1,10.5,23,23.0,15.0,1.5333333333333334
FEAROW,2,20.5,23,11.5,15.0,0.7666666666666667
FEAROW,3,25.5,23,7.666666666666667,15.0,0.5111111111111112
FEAROW,4,30.5,23,5.75,15.0,0.38333333333333336
FEAROW,6,32.5,23,3.8333333333333335,15.0,0.2555555555555556
FEAROW,8,34.5,23,2.875,15.0,0.19166666666666668
FEAROW,10,36.5,23,2.3,15.0,0.15333333333333332
FEAROW,12,38.5,23,1.9166666666666667,15.0,0.1277777777777778
FEAROW,15,39.5,23,1.5333333333333334,15.0,0.10222222222222223
EKANS,3,10.5,11,3.6666666666666665,227.0,0.016152716593245228
EKANS,6,20.5,11,1.8333333333333333,227.0,0.008076358296622614
EKANS,9,25.5,11,1.2222222222222223,227.0,0.005384238864415076
EKANS,12,30.5,11,0.9166666666666666,227.0,0.004038179148311307
EKANS,18,32.5,11,0.6111111111111112,227.0,0.002692119432207538
EKANS,24,34.5,11,0.4583333333333333,227.0,0.0020190895741556535
EKANS,30,36.5,11,0.36666666666666664,227.0,0.0016152716593245227
EKANS,36,38.5,11,0.3055555555555556,227.0,0.001346059716103769
EKANS,45,39.5,11,0.24444444444444444,227.0,0.001076847772883015
ARBOK,3,10.5,24,8.0,7.2,1.1111111111111112
ARBOK,6,20.5,24,4.0,7.2,0.5555555555555556
ARBOK,9,25.5,24,2.6666666666666665,7.2,0.37037037037037035
ARBOK,12,30.5,24,2.0,7.2,0.2777777777777778
ARBOK,18,32.5,24,1.3333333333333333,7.2,0.18518518518518517
ARBOK,24,34.5,24,1.0,7.2,0.1388888888888889
ARBOK,30,36.5,24,0.8,7.2,0.11111111111111112
ARBOK,36,38.5,24,0.6666666666666666,7.2,0.09259259259259259
ARBOK,45,39.5,24,0.5333333333333333,7.2,0.07407407407407407
PIKACHU,1,10.5,12,12.0,21.0,0.5714285714285714
PIKACHU,2,20.5,12,6.0,21.0,0.2857142857142857
PIKACHU,3,25.5,12,4.0,21.0,0.19047619047619047
PIKACHU,4,30.5,12,3.0,21.0,0.14285714285714285
PIKACHU,6,32.5,12,2.0,21.0,0.09523809523809523
PIKACHU,8,34.5,12,1.5,21.0,0.07142857142857142
PIKACHU,10,36.5,12,1.2,21.0,0.05714285714285714
PIKACHU,12,38.5,12,1.0,21.0,0.047619047619047616
PIKACHU,15,39.5,12,0.8,21.0,0.0380952380952381
RAICHU,1,10.5,27,27.0,0.76,35.526315789473685
RAICHU,2,20.5,27,13.5,0.76,17.763157894736842
RAICHU,3,25.5,27,9.0,0.76,11.842105263157894
RAICHU,4,30.5,27,6.75,0.76,8.881578947368421
RAICHU,6,32.5,27,4.5,0.76,5.921052631578947
RAICHU,8,34.5,27,3.375,0.76,4.440789473684211
RAICHU,10,36.5,27,2.7,0.76,3.5526315789473686
RAICHU,12,38.5,27,2.25,0.76,2.9605263157894735
RAICHU,15,39.5,27,1.8,0.76,2.3684210526315788
SANDSHREW,3,10.5,11,3.6666666666666665,111.0,0.03303303303303303
SANDSHREW,6,20.5,11,1.8333333333333333,111.0,0.016516516516516516
SANDSHREW,9,25.5,11,1.2222222222222223,111.0,0.011011011011011013
SANDSHREW,12,30.5,11,0.9166666666666666,111.0,0.008258258258258258
SANDSHREW,18,32.5,11,0.6111111111111112,111.0,0.005505505505505506
SANDSHREW,24,34.5,11,0.4583333333333333,111.0,0.004129129129129129
SANDSHREW,30,36.5,11,0.36666666666666664,111.0,0.003303303303303303
SANDSHREW,36,38.5,11,0.3055555555555556,111.0,0.002752752752752753
SANDSHREW,45,39.5,11,0.24444444444444444,111.0,0.002202202202202202
SANDSLASH,3,10.5,23,7.666666666666667,3.7,2.0720720720720722
SANDSLASH,6,20.5,23,3.8333333333333335,3.7,1.0360360360360361
SANDSLASH,9,25.5,23,2.5555555555555554,3.7,0.6906906906906906
SANDSLASH,12,30.5,23,1.9166666666666667,3.7,0.5180180180180181
SANDSLASH,18,32.5,23,1.2777777777777777,3.7,0.3453453453453453
SANDSLASH,24,34.5,23,0.9583333333333334,3.7,0.25900900900900903
SANDSLASH,30,36.5,23,0.7666666666666667,3.7,0.2072072072072072
SANDSLASH,36,38.5,23,0.6388888888888888,3.7,0.17267267267267264
SANDSLASH,45,39.5,23,0.5111111111111111,3.7,0.13813813813813813
NIDOQUEEN,3,10.5,32,10.666666666666666,1.2,8.88888888888889
NIDOQUEEN,6,20.5,32,5.333333333333333,1.2,4.444444444444445
NIDOQUEEN,9,25.5,32,3.5555555555555554,1.2,2.962962962962963
NIDOQUEEN,12,30.5,32,2.6666666666666665,1.2,2.2222222222222223
NIDOQUEEN,18,32.5,32,1.7777777777777777,1.2,1.4814814814814814
NIDOQUEEN,24,34.5,32,1.3333333333333333,1.2,1.1111111111111112
NIDOQUEEN,30,36.5,32,1.0666666666666667,1.2,0.888888888888889
NIDOQUEEN,36,38.5,32,0.8888888888888888,1.2,0.7407407407407407
NIDOQUEEN,45,39.5,32,0.7111111111111111,1.2,0.5925925925925927
NIDOKING,3,10.5,33,11.0,1.7,6.470588235294118
NIDOKING,6,20.5,33,5.5,1.7,3.235294117647059
NIDOKING,9,25.5,33,3.6666666666666665,1.7,2.156862745098039
NIDOKING,12,30.5,33,2.75,1.7,1.6176470588235294
NIDOKING,18,32.5,33,1.8333333333333333,1.7,1.0784313725490196
NIDOKING,24,34.5,33,1.375,1.7,0.8088235294117647
NIDOKING,30,36.5,33,1.1,1.7,0.6470588235294118
NIDOKING,36,38.5,33,0.9166666666666666,1.7,0.5392156862745098
NIDOKING,45,39.5,33,0.7333333333333333,1.7,0.4313725490196078
CLEFAIRY,1,10.5,16,16.0,92.0,0.17391304347826086
CLEFAIRY,2,20.5,16,8.0,92.0,0.08695652173913043
CLEFAIRY,3,25.5,16,5.333333333333333,92.0,0.05797101449275362
CLEFAIRY,4,30.5,16,4.0,92.0,0.043478260869565216
CLEFAIRY,6,32.5,16,2.6666666666666665,92.0,0.02898550724637681
CLEFAIRY,8,34.5,16,2.0,92.0,0.021739130434782608
CLEFAIRY,10,36.5,16,1.6,92.0,0.017391304347826087
CLEFAIRY,12,38.5,16,1.3333333333333333,92.0,0.014492753623188404
CLEFAIRY,15,39.5,16,1.0666666666666667,92.0,0.011594202898550725
CLEFABLE,1,10.5,33,33.0,1.2,27.5
CLEFABLE,2,20.5,33,16.5,1.2,13.75
CLEFABLE,3,25.5,33,11.0,1.2,9.166666666666668
CLEFABLE,4,30.5,33,8.25,1.2,6.875
CLEFABLE,6,32.5,33,5.5,1.2,4.583333333333334
CLEFABLE,8,34.5,33,4.125,1.2,3.4375
CLEFABLE,10,36.5,33,3.3,1.2,2.75
CLEFABLE,12,38.5,33,2.75,1.2,2.291666666666667
CLEFABLE,15,39.5,33,2.2,1.2,1.8333333333333335
VULPIX,3,10.5,12,4.0,22.0,0.18181818181818182
VULPIX,6,20.5,12,2.0,22.0,0.09090909090909091
VULPIX,9,25.5,12,1.3333333333333333,22.0,0.0606060606060606
VULPIX,12,30.5,12,1.0,22.0,0.045454545454545456
VULPIX,18,32.5,12,0.6666666666666666,22.0,0.0303030303030303
VULPIX,24,34.5,12,0.5,22.0,0.022727272727272728
VULPIX,30,36.5,12,0.4,22.0,0.018181818181818184
VULPIX,36,38.5,12,0.3333333333333333,22.0,0.01515151515151515
VULPIX,45,39.5,12,0.26666666666666666,22.0,0.012121212121212121
NINETALES,3,10.5,31,10.333333333333334,0.77,13.41991341991342
NINETALES,6,20.5,31,5.166666666666667,0.77,6.70995670995671
NINETALES,9,25.5,31,3.4444444444444446,0.77,4.473304473304474
NINETALES,12,30.5,31,2.5833333333333335,0.77,3.354978354978355
NINETALES,18,32.5,31,1.7222222222222223,0.77,2.236652236652237
NINETALES,24,34.5,31,1.2916666666666667,0.77,1.6774891774891776
NINETALES,30,36.5,31,1.0333333333333334,0.77,1.341991341991342
NINETALES,36,38.5,31,0.8611111111111112,0.77,1.1183261183261184
NINETALES,45,39.5,31,0.6888888888888889,0.77,0.8946608946608946
WIGGLYTUFF,1,10.5,31,31.0,1.8,17.22222222222222
WIGGLYTUFF,2,20.5,31,15.5,1.8,8.61111111111111
WIGGLYTUFF,3,25.5,31,10.333333333333334,1.8,5.740740740740741
WIGGLYTUFF,4,30.5,31,7.75,1.8,4.305555555555555
WIGGLYTUFF,6,32.5,31,5.166666666666667,1.8,2.8703703703703707
WIGGLYTUFF,8,34.5,31,3.875,1.8,2.1527777777777777
WIGGLYTUFF,10,36.5,31,3.1,1.8,1.7222222222222223
WIGGLYTUFF,12,38.5,31,2.5833333333333335,1.8,1.4351851851851853
WIGGLYTUFF,15,39.5,31,2.066666666666667,1.8,1.1481481481481481
ZUBAT,1,10.5,11,11.0,652.0,0.01687116564417178
ZUBAT,2,20.5,11,5.5,652.0,0.00843558282208589
ZUBAT,3,25.5,11,3.6666666666666665,652.0,0.005623721881390593
ZUBAT,4,30.5,11,2.75,652.0,0.004217791411042945
ZUBAT,6,32.5,11,1.8333333333333333,652.0,0.0028118609406952966
ZUBAT,8,34.5,11,1.375,652.0,0.0021088957055214724
ZUBAT,10,36.5,11,1.1,652.0,0.0016871165644171781
ZUBAT,12,38.5,11,0.9166666666666666,652.0,0.0014059304703476483
ZUBAT,15,39.5,11,0.7333333333333333,652.0,0.0011247443762781185
GOLBAT,1,10.5,27,27.0,42.0,0.6428571428571429
GOLBAT,2,20.5,27,13.5,42.0,0.32142857142857145
GOLBAT,3,25.5,27,9.0,42.0,0.21428571428571427
GOLBAT,4,30.5,27,6.75,42.0,0.16071428571428573
GOLBAT,6,32.5,27,4.5,42.0,0.10714285714285714
GOLBAT,8,34.5,27,3.375,42.0,0.08035714285714286
GOLBAT,10,36.5,27,2.7,42.0,0.0642857142857143
GOLBAT,12,38.5,27,2.25,42.0,0.05357142857142857
GOLBAT,15,39.5,27,1.8,42.0,0.04285714285714286
ODDISH,3,10.5,15,5.0,102.0,0.049019607843137254
ODDISH,6,20.5,15,2.5,102.0,0.024509803921568627
ODDISH,9,25.5,15,1.6666666666666667,102.0,0.016339869281045753
ODDISH,12,30.5,15,1.25,102.0,0.012254901960784314
ODDISH,18,32.5,15,0.8333333333333334,102.0,0.008169934640522876
ODDISH,24,34.5,15,0.625,102.0,0.006127450980392157
ODDISH,30,36.5,15,0.5,102.0,0.004901960784313725
ODDISH,36,38.5,15,0.4166666666666667,102.0,0.004084967320261438
ODDISH,45,39.5,15,0.3333333333333333,102.0,0.00326797385620915
GLOOM,3,10.5,21,7.0,6.4,1.09375
GLOOM,6,20.5,21,3.5,6.4,0.546875
GLOOM,9,25.5,21,2.3333333333333335,6.4,0.3645833333333333
GLOOM,12,30.5,21,1.75,6.4,0.2734375
GLOOM,18,32.5,21,1.1666666666666667,6.4,0.18229166666666666
GLOOM,24,34.5,21,0.875,6.4,0.13671875
GLOOM,30,36.5,21,0.7,6.4,0.10937499999999999
GLOOM,36,38.5,21,0.5833333333333334,6.4,0.09114583333333333
GLOOM,45,39.5,21,0.4666666666666667,6.4,0.07291666666666666
VILEPLUME,3,10.5,32,10.666666666666666,0.97,10.996563573883162
VILEPLUME,6,20.5,32,5.333333333333333,0.97,5.498281786941581
VILEPLUME,9,25.5,32,3.5555555555555554,0.97,3.665521191294387
VILEPLUME,12,30.5,32,2.6666666666666665,0.97,2.7491408934707904
VILEPLUME,18,32.5,32,1.7777777777777777,0.97,1.8327605956471935
VILEPLUME,24,34.5,32,1.3333333333333333,0.97,1.3745704467353952
VILEPLUME,30,36.5,32,1.0666666666666667,0.97,1.0996563573883162
VILEPLUME,36,38.5,32,0.8888888888888888,0.97,0.9163802978235968
VILEPLUME,45,39.5,32,0.7111111111111111,0.97,0.7331042382588775
PARAS,3,10.5,12,4.0,236.0,0.01694915254237288
PARAS,6,20.5,12,2.0,236.0,0.00847457627118644
PARAS,9,25.5,12,1.3333333333333333,236.0,0.005649717514124294
PARAS,12,30.5,12,1.0,236.0,0.00423728813559322
PARAS,18,32.5,12,0.6666666666666666,236.0,0.002824858757062147
PARAS,24,34.5,12,0.5,236.0,0.00211864406779661
PARAS,30,36.5,12,0.4,236.0,0.0016949152542372883
PARAS,36,38.5,12,0.3333333333333333,236.0,0.0014124293785310734
PARAS,45,39.5,12,0.26666666666666666,236.0,0.0011299435028248588
PARASECT,3,10.5,23,7.666666666666667,7.4,1.0360360360360361
PARASECT,6,20.5,23,3.8333333333333335,7.4,0.5180180180180181
PARASECT,9,25.5,23,2.5555555555555554,7.4,0.3453453453453453
PARASECT,12,30.5,23,1.9166666666666667,7.4,0.25900900900900903
PARASECT,18,32.5,23,1.2777777777777777,7.4,0.17267267267267264
PARASECT,24,34.5,23,0.9583333333333334,7.4,0.12950450450450451
PARASECT,30,36.5,23,0.7666666666666667,7.4,0.1036036036036036
PARASECT,36,38.5,23,0.6388888888888888,7.4,0.08633633633633632
PARASECT,45,39.5,23,0.5111111111111111,7.4,0.06906906906906907
VENOMOTH,3,10.5,25,8.333333333333334,7.2,1.1574074074074074
VENOMOTH,6,20.5,25,4.166666666666667,7.2,0.5787037037037037
VENOMOTH,9,25.5,25,2.7777777777777777,7.2,0.38580246913580246
VENOMOTH,12,30.5,25,2.0833333333333335,7.2,0.28935185185185186
VENOMOTH,18,32.5,25,1.3888888888888888,7.2,0.19290123456790123
VENOMOTH,24,34.5,25,1.0416666666666667,7.2,0.14467592592592593
VENOMOTH,30,36.5,25,0.8333333333333334,7.2,0.11574074074074074
VENOMOTH,36,38.5,25,0.6944444444444444,7.2,0.09645061728395062
VENOMOTH,45,39.5,25,0.5555555555555556,7.2,0.07716049382716049
DIGLETT,3,10.5,7,2.3333333333333335,40.0,0.058333333333333334
DIGLETT,6,20.5,7,1.1666666666666667,40.0,0.029166666666666667
DIGLETT,9,25.5,7,0.7777777777777778,40.0,0.019444444444444445
DIGLETT,12,30.5,7,0.5833333333333334,40.0,0.014583333333333334
DIGLETT,18,32.5,7,0.3888888888888889,40.0,0.009722222222222222
DIGLETT,24,34.5,7,0.2916666666666667,40.0,0.007291666666666667
DIGLETT,30,36.5,7,0.23333333333333334,40.0,0.005833333333333334
DIGLETT,36,38.5,7,0.19444444444444445,40.0,0.004861111111111111
DIGLETT,45,39.5,7,0.15555555555555556,40.0,0.0038888888888888888
DUGTRIO,3,10.5,16,5.333333333333333,1.4,3.8095238095238098
DUGTRIO,6,20.5,16,2.6666666666666665,1.4,1.9047619047619049
DUGTRIO,9,25.5,16,1.7777777777777777,1.4,1.2698412698412698
DUGTRIO,12,30.5,16,1.3333333333333333,1.4,0.9523809523809524
DUGTRIO,18,32.5,16,0.8888888888888888,1.4,0.6349206349206349
DUGTRIO,24,34.5,16,0.6666666666666666,1.4,0.4761904761904762
DUGTRIO,30,36.5,16,0.5333333333333333,1.4,0.380952380952381
DUGTRIO,36,38.5,16,0.4444444444444444,1.4,0.31746031746031744
DUGTRIO,45,39.5,16,0.35555555555555557,1.4,0.253968253968254
PERSIAN,3,10.5,22,7.333333333333333,2.2,3.333333333333333
PERSIAN,6,20.5,22,3.6666666666666665,2.2,1.6666666666666665
PERSIAN,9,25.5,22,2.4444444444444446,2.2,1.1111111111111112
PERSIAN,12,30.5,22,1.8333333333333333,2.2,0.8333333333333333
PERSIAN,18,32.5,22,1.2222222222222223,2.2,0.5555555555555556
PERSIAN,24,34.5,22,0.9166666666666666,2.2,0.41666666666666663
PERSIAN,30,36.5,22,0.7333333333333333,2.2,0.33333333333333326
PERSIAN,36,38.5,22,0.6111111111111112,2.2,0.2777777777777778
PERSIAN,45,39.5,22,0.4888888888888889,2.2,0.2222222222222222
GOLDUCK,3,10.5,32,10.666666666666666,8.7,1.2260536398467434
GOLDUCK,6,20.5,32,5.333333333333333,8.7,0.6130268199233717
GOLDUCK,9,25.5,32,3.5555555555555554,8.7,0.4086845466155811
GOLDUCK,12,30.5,32,2.6666666666666665,8.7,0.30651340996168586
GOLDUCK,18,32.5,32,1.7777777777777777,8.7,0.20434227330779056
GOLDUCK,24,34.5,32,1.3333333333333333,8.7,0.15325670498084293
GOLDUCK,30,36.5,32,1.0666666666666667,8.7,0.12260536398467434
GOLDUCK,36,38.5,32,0.8888888888888888,8.7,0.10217113665389528
GOLDUCK,45,39.5,32,0.7111111111111111,8.7,0.08173690932311622
MANKEY,3,10.5,12,4.0,92.0,0.043478260869565216
MANKEY,6,20.5,12,2.0,92.0,0.021739130434782608
MANKEY,9,25.5,12,1.3333333333333333,92.0,0.014492753623188404
MANKEY,12,30.5,12,1.0,92.0,0.010869565217391304
MANKEY,18,32.5,12,0.6666666666666666,92.0,0.007246376811594202
MANKEY,24,34.5,12,0.5,92.0,0.005434782608695652
MANKEY,30,36.5,12,0.4,92.0,0.004347826086956522
MANKEY,36,38.5,12,0.3333333333333333,92.0,0.003623188405797101
MANKEY,45,39.5,12,0.26666666666666666,92.0,0.002898550724637681
PRIMEAPE,3,10.5,27,9.0,3.1,2.903225806451613
PRIMEAPE,6,20.5,27,4.5,3.1,1.4516129032258065
PRIMEAPE,9,25.5,27,3.0,3.1,0.9677419354838709
PRIMEAPE,12,30.5,27,2.25,3.1,0.7258064516129032
PRIMEAPE,18,32.5,27,1.5,3.1,0.48387096774193544
PRIMEAPE,24,34.5,27,1.125,3.1,0.3629032258064516
PRIMEAPE,30,36.5,27,0.9,3.1,0.2903225806451613
PRIMEAPE,36,38.5,27,0.75,3.1,0.24193548387096772
PRIMEAPE,45,39.5,27,0.6,3.1,0.1935483870967742
GROWLITHE,3,10.5,24,8.0,92.0,0.08695652173913043
GROWLITHE,6,20.5,24,4.0,92.0,0.043478260869565216
GROWLITHE,9,25.5,24,2.6666666666666665,92.0,0.02898550724637681
GROWLITHE,12,30.5,24,2.0,92.0,0.021739130434782608
GROWLITHE,18,32.5,24,1.3333333333333333,92.0,0.014492753623188404
GROWLITHE,24,34.5,24,1.0,92.0,0.010869565217391304
GROWLITHE,30,36.5,24,0.8,92.0,0.008695652173913044
GROWLITHE,36,38.5,24,0.6666666666666666,92.0,0.007246376811594202
GROWLITHE,45,39.5,24,0.5333333333333333,92.0,0.005797101449275362
ARCANINE,3,10.5,40,13.333333333333334,1.7,7.843137254901961
ARCANINE,6,20.5,40,6.666666666666667,1.7,3.9215686274509807
ARCANINE,9,25.5,40,4.444444444444445,1.7,2.6143790849673203
ARCANINE,12,30.5,40,3.3333333333333335,1.7,1.9607843137254903
ARCANINE,18,32.5,40,2.2222222222222223,1.7,1.3071895424836601
ARCANINE,24,34.5,40,1.6666666666666667,1.7,0.9803921568627452
ARCANINE,30,36.5,40,1.3333333333333333,1.7,0.7843137254901961
ARCANINE,36,38.5,40,1.1111111111111112,1.7,0.6535947712418301
ARCANINE,45,39.5,40,0.8888888888888888,1.7,0.5228758169934641
POLIWRATH,3,10.5,34,11.333333333333334,1.1,10.303030303030303
POLIWRATH,6,20.5,34,5.666666666666667,1.1,5.151515151515151
POLIWRATH,9,25.5,34,3.7777777777777777,1.1,3.434343434343434
POLIWRATH,12,30.5,34,2.8333333333333335,1.1,2.5757575757575757
POLIWRATH,18,32.5,34,1.8888888888888888,1.1,1.717171717171717
POLIWRATH,24,34.5,34,1.4166666666666667,1.1,1.2878787878787878
POLIWRATH,30,36.5,34,1.1333333333333333,1.1,1.0303030303030303
POLIWRATH,36,38.5,34,0.9444444444444444,1.1,0.8585858585858585
POLIWRATH,45,39.5,34,0.7555555555555555,1.1,0.6868686868686869
ABRA,3,10.5,9,3.0,42.0,0.07142857142857142
ABRA,6,20.5,9,1.5,42.0,0.03571428571428571
ABRA,9,25.5,9,1.0,42.0,0.023809523809523808
ABRA,12,30.5,9,0.75,42.0,0.017857142857142856
ABRA,18,32.5,9,0.5,42.0,0.011904761904761904
ABRA,24,34.5,9,0.375,42.0,0.008928571428571428
ABRA,30,36.5,9,0.3,42.0,0.007142857142857143
ABRA,36,38.5,9,0.25,42.0,0.005952380952380952
ABRA,45,39.5,9,0.2,42.0,0.004761904761904762
KADABRA,3,10.5,16,5.333333333333333,2.7,1.9753086419753083
KADABRA,6,20.5,16,2.6666666666666665,2.7,0.9876543209876542
KADABRA,9,25.5,16,1.7777777777777777,2.7,0.6584362139917694
KADABRA,12,30.5,16,1.3333333333333333,2.7,0.4938271604938271
KADABRA,18,32.5,16,0.8888888888888888,2.7,0.3292181069958847
KADABRA,24,34.5,16,0.6666666666666666,2.7,0.24691358024691354
KADABRA,30,36.5,16,0.5333333333333333,2.7,0.19753086419753085
KADABRA,36,38.5,16,0.4444444444444444,2.7,0.16460905349794236
KADABRA,45,39.5,16,0.35555555555555557,2.7,0.1316872427983539
ALAKAZAM,3,10.5,25,8.333333333333334,0.73,11.415525114155253
ALAKAZAM,6,20.5,25,4.166666666666667,0.73,5.7077625570776265
ALAKAZAM,9,25.5,25,2.7777777777777777,0.73,3.8051750380517504
ALAKAZAM,12,30.5,25,2.0833333333333335,0.73,2.8538812785388132
ALAKAZAM,18,32.5,25,1.3888888888888888,0.73,1.9025875190258752
ALAKAZAM,24,34.5,25,1.0416666666666667,0.73,1.4269406392694066
ALAKAZAM,30,36.5,25,0.8333333333333334,0.73,1.1415525114155252
ALAKAZAM,36,38.5,25,0.6944444444444444,0.73,0.9512937595129376
ALAKAZAM,45,39.5,25,0.5555555555555556,0.73,0.7610350076103501
MACHOKE,3,10.5,24,8.0,3.4,2.3529411764705883
MACHOKE,6,20.5,24,4.0,3.4,1.1764705882352942
MACHOKE,9,25.5,24,2.6666666666666665,3.4,0.7843137254901961
MACHOKE,12,30.5,24,2.0,3.4,0.5882352941176471
MACHOKE,18,32.5,24,1.3333333333333333,3.4,0.39215686274509803
MACHOKE,24,34.5,24,1.0,3.4,0.29411764705882354
MACHOKE,30,36.5,24,0.8,3.4,0.23529411764705885
MACHOKE,36,38.5,24,0.6666666666666666,3.4,0.19607843137254902
MACHOKE,45,39.5,24,0.5333333333333333,3.4,0.1568627450980392
MACHAMP,3,10.5,35,11.666666666666666,0.68,17.15686274509804
MACHAMP,6,20.5,35,5.833333333333333,0.68,8.57843137254902
MACHAMP,9,25.5,35,3.888888888888889,0.68,5.718954248366012
MACHAMP,12,30.5,35,2.9166666666666665,0.68,4.28921568627451
MACHAMP,18,32.5,35,1.9444444444444444,0.68,2.859477124183006
MACHAMP,24,34.5,35,1.4583333333333333,0.68,2.144607843137255
MACHAMP,30,36.5,35,1.1666666666666667,0.68,1.7156862745098038
MACHAMP,36,38.5,35,0.9722222222222222,0.68,1.429738562091503
MACHAMP,45,39.5,35,0.7777777777777778,0.68,1.1437908496732025
BELLSPROUT,3,10.5,16,5.333333333333333,115.0,0.0463768115942029
BELLSPROUT,6,20.5,16,2.6666666666666665,115.0,0.02318840579710145
BELLSPROUT,9,25.5,16,1.7777777777777777,115.0,0.015458937198067632
BELLSPROUT,12,30.5,16,1.3333333333333333,115.0,0.011594202898550725
BELLSPROUT,18,32.5,16,0.8888888888888888,115.0,0.007729468599033816
BELLSPROUT,24,34.5,16,0.6666666666666666,115.0,0.005797101449275362
BELLSPROUT,30,36.5,16,0.5333333333333333,115.0,0.00463768115942029
BELLSPROUT,36,38.5,16,0.4444444444444444,115.0,0.003864734299516908
BELLSPROUT,45,39.5,16,0.35555555555555557,115.0,0.0030917874396135265
WEEPINBELL,3,10.5,21,7.0,7.2,0.9722222222222222
WEEPINBELL,6,20.5,21,3.5,7.2,0.4861111111111111
WEEPINBELL,9,25.5,21,2.3333333333333335,7.2,0.32407407407407407
WEEPINBELL,12,30.5,21,1.75,7.2,0.24305555555555555
WEEPINBELL,18,32.5,21,1.1666666666666667,7.2,0.16203703703703703
WEEPINBELL,24,34.5,21,0.875,7.2,0.12152777777777778
WEEPINBELL,30,36.5,21,0.7,7.2,0.09722222222222221
WEEPINBELL,36,38.5,21,0.5833333333333334,7.2,0.08101851851851852
WEEPINBELL,45,39.5,21,0.4666666666666667,7.2,0.06481481481481481
VICTREEBEL,3,10.5,35,11.666666666666666,0.59,19.774011299435028
VICTREEBEL,6,20.5,35,5.833333333333333,0.59,9.887005649717514
VICTREEBEL,9,25.5,35,3.888888888888889,0.59,6.5913370998116765
VICTREEBEL,12,30.5,35,2.9166666666666665,0.59,4.943502824858757
VICTREEBEL,18,32.5,35,1.9444444444444444,0.59,3.2956685499058382
VICTREEBEL,24,34.5,35,1.4583333333333333,0.59,2.4717514124293785
VICTREEBEL,30,36.5,35,1.1666666666666667,0.59,1.977401129943503
VICTREEBEL,36,38.5,35,0.9722222222222222,0.59,1.6478342749529191
VICTREEBEL,45,39.5,35,0.7777777777777778,0.59,1.3182674199623352
TENTACRUEL,3,10.5,30,10.0,8.2,1.2195121951219514
TENTACRUEL,6,20.5,30,5.0,8.2,0.6097560975609757
TENTACRUEL,9,25.5,30,3.3333333333333335,8.2,0.40650406504065045
TENTACRUEL,12,30.5,30,2.5,8.2,0.30487804878048785
TENTACRUEL,18,32.5,30,1.6666666666666667,8.2,0.20325203252032523
TENTACRUEL,24,34.5,30,1.25,8.2,0.15243902439024393
TENTACRUEL,30,36.5,30,1.0,8.2,0.12195121951219513
TENTACRUEL,36,38.5,30,0.8333333333333334,8.2,0.10162601626016261
TENTACRUEL,45,39.5,30,0.6666666666666666,8.2,0.08130081300813008
GEODUDE,1,10.5,11,11.0,119.0,0.09243697478991597
GEODUDE,2,20.5,11,5.5,119.0,0.046218487394957986
GEODUDE,3,25.5,11,3.6666666666666665,119.0,0.030812324929971987
GEODUDE,4,30.5,11,2.75,119.0,0.023109243697478993
GEODUDE,6,32.5,11,1.8333333333333333,119.0,0.015406162464985993
GEODUDE,8,34.5,11,1.375,119.0,0.011554621848739496
GEODUDE,10,36.5,11,1.1,119.0,0.009243697478991597
GEODUDE,12,38.5,11,0.9166666666666666,119.0,0.007703081232492997
GEODUDE,15,39.5,11,0.7333333333333333,119.0,0.0061624649859943975
GOLEM,1,10.5,31,31.0,0.47,65.95744680851064
GOLEM,2,20.5,31,15.5,0.47,32.97872340425532
GOLEM,3,25.5,31,10.333333333333334,0.47,21.985815602836883
GOLEM,4,30.5,31,7.75,0.47,16.48936170212766
GOLEM,6,32.5,31,5.166666666666667,0.47,10.992907801418442
GOLEM,8,34.5,31,3.875,0.47,8.24468085106383
GOLEM,10,36.5,31,3.1,0.47,6.595744680851064
GOLEM,12,38.5,31,2.5833333333333335,0.47,5.496453900709221
GOLEM,15,39.5,31,2.066666666666667,0.47,4.3971631205673765
PONYTA,3,10.5,21,7.0,51.0,0.13725490196078433
PONYTA,6,20.5,21,3.5,51.0,0.06862745098039216
PONYTA,9,25.5,21,2.3333333333333335,51.0,0.04575163398692811
PONYTA,12,30.5,21,1.75,51.0,0.03431372549019608
PONYTA,18,32.5,21,1.1666666666666667,51.0,0.022875816993464054
PONYTA,24,34.5,21,0.875,51.0,0.01715686274509804
PONYTA,30,36.5,21,0.7,51.0,0.013725490196078431
PONYTA,36,38.5,21,0.5833333333333334,51.0,0.011437908496732027
PONYTA,45,39.5,21,0.4666666666666667,51.0,0.009150326797385621
RAPIDASH,3,10.5,30,10.0,1.1,9.09090909090909
RAPIDASH,6,20.5,30,5.0,1.1,4.545454545454545
RAPIDASH,9,25.5,30,3.3333333333333335,1.1,3.0303030303030303
RAPIDASH,12,30.5,30,2.5,1.1,2.2727272727272725
RAPIDASH,18,32.5,30,1.6666666666666667,1.1,1.5151515151515151
RAPIDASH,24,34.5,30,1.25,1.1,1.1363636363636362
RAPIDASH,30,36.5,30,1.0,1.1,0.9090909090909091
RAPIDASH,36,38.5,30,0.8333333333333334,1.1,0.7575757575757576
RAPIDASH,45,39.5,30,0.6666666666666666,1.1,0.606060606060606
SLOWBRO,3,10.5,35,11.666666666666666,3.6,3.2407407407407405
SLOWBRO,6,20.5,35,5.833333333333333,3.6,1.6203703703703702
SLOWBRO,9,25.5,35,3.888888888888889,3.6,1.0802469135802468
SLOWBRO,12,30.5,35,2.9166666666666665,3.6,0.8101851851851851
SLOWBRO,18,32.5,35,1.9444444444444444,3.6,0.5401234567901234
SLOWBRO,24,34.5,35,1.4583333333333333,3.6,0.40509259259259256
SLOWBRO,30,36.5,35,1.1666666666666667,3.6,0.32407407407407407
SLOWBRO,36,38.5,35,0.9722222222222222,3.6,0.2700617283950617
SLOWBRO,45,39.5,35,0.7777777777777778,3.6,0.21604938271604937
MAGNEMITE,3,10.5,12,4.0,71.0,0.056338028169014086
MAGNEMITE,6,20.5,12,2.0,71.0,0.028169014084507043
MAGNEMITE,9,25.5,12,1.3333333333333333,71.0,0.018779342723004695
MAGNEMITE,12,30.5,12,1.0,71.0,0.014084507042253521
MAGNEMITE,18,32.5,12,0.6666666666666666,71.0,0.009389671361502348
MAGNEMITE,24,34.5,12,0.5,71.0,0.007042253521126761
MAGNEMITE,30,36.5,12,0.4,71.0,0.005633802816901409
MAGNEMITE,36,38.5,12,0.3333333333333333,71.0,0.004694835680751174
MAGNEMITE,45,39.5,12,0.26666666666666666,71.0,0.003755868544600939
MAGNETON,3,10.5,25,8.333333333333334,2.3,3.623188405797102
MAGNETON,6,20.5,25,4.166666666666667,2.3,1.811594202898551
MAGNETON,9,25.5,25,2.7777777777777777,2.3,1.2077294685990339
MAGNETON,12,30.5,25,2.0833333333333335,2.3,0.9057971014492755
MAGNETON,18,32.5,25,1.3888888888888888,2.3,0.6038647342995169
MAGNETON,24,34.5,25,1.0416666666666667,2.3,0.45289855072463775
MAGNETON,30,36.5,25,0.8333333333333334,2.3,0.3623188405797102
MAGNETON,36,38.5,25,0.6944444444444444,2.3,0.30193236714975846
MAGNETON,45,39.5,25,0.5555555555555556,2.3,0.24154589371980678
DODUO,3,10.5,10,3.3333333333333335,52.0,0.06410256410256411
DODUO,6,20.5,10,1.6666666666666667,52.0,0.032051282051282055
DODUO,9,25.5,10,1.1111111111111112,52.0,0.021367521367521368
DODUO,12,30.5,10,0.8333333333333334,52.0,0.016025641025641028
DODUO,18,32.5,10,0.5555555555555556,52.0,0.010683760683760684
DODUO,24,34.5,10,0.4166666666666667,52.0,0.008012820512820514
DODUO,30,36.5,10,0.3333333333333333,52.0,0.00641025641025641
DODUO,36,38.5,10,0.2777777777777778,52.0,0.005341880341880342
DODUO,45,39.5,10,0.2222222222222222,52.0,0.004273504273504273
DODRIO,3,10.5,24,8.0,22.0,0.36363636363636365
DODRIO,6,20.5,24,4.0,22.0,0.18181818181818182
DODRIO,9,25.5,24,2.6666666666666665,22.0,0.1212121212121212
DODRIO,12,30.5,24,2.0,22.0,0.09090909090909091
DODRIO,18,32.5,24,1.3333333333333333,22.0,0.0606060606060606
DODRIO,24,34.5,24,1.0,22.0,0.045454545454545456
DODRIO,30,36.5,24,0.8,22.0,0.03636363636363637
DODRIO,36,38.5,24,0.6666666666666666,22.0,0.0303030303030303
DODRIO,45,39.5,24,0.5333333333333333,22.0,0.024242424242424242
SEEL,3,10.5,16,5.333333333333333,28.0,0.19047619047619047
SEEL,6,20.5,16,2.6666666666666665,28.0,0.09523809523809523
SEEL,9,25.5,16,1.7777777777777777,28.0,0.06349206349206349
SEEL,12,30.5,16,1.3333333333333333,28.0,0.047619047619047616
SEEL,18,32.5,16,0.8888888888888888,28.0,0.031746031746031744
SEEL,24,34.5,16,0.6666666666666666,28.0,0.023809523809523808
SEEL,30,36.5,16,0.5333333333333333,28.0,0.019047619047619046
SEEL,36,38.5,16,0.4444444444444444,28.0,0.015873015873015872
SEEL,45,39.5,16,0.35555555555555557,28.0,0.012698412698412698
DEWGONG,3,10.5,31,10.333333333333334,1.3,7.948717948717949
DEWGONG,6,20.5,31,5.166666666666667,1.3,3.9743589743589745
DEWGONG,9,25.5,31,3.4444444444444446,1.3,2.6495726495726495
DEWGONG,12,30.5,31,2.5833333333333335,1.3,1.9871794871794872
DEWGONG,18,32.5,31,1.7222222222222223,1.3,1.3247863247863247
DEWGONG,24,34.5,31,1.2916666666666667,1.3,0.9935897435897436
DEWGONG,30,36.5,31,1.0333333333333334,1.3,0.7948717948717949
DEWGONG,36,38.5,31,0.8611111111111112,1.3,0.6623931623931624
DEWGONG,45,39.5,31,0.6888888888888889,1.3,0.5299145299145299
MUK,3,10.5,38,12.666666666666666,0.31,40.86021505376344
MUK,6,20.5,38,6.333333333333333,0.31,20.43010752688172
MUK,9,25.5,38,4.222222222222222,0.31,13.620071684587813
MUK,12,30.5,38,3.1666666666666665,0.31,10.21505376344086
MUK,18,32.5,38,2.111111111111111,0.31,6.810035842293907
MUK,24,34.5,38,1.5833333333333333,0.31,5.10752688172043
MUK,30,36.5,38,1.2666666666666666,0.31,4.086021505376344
MUK,36,38.5,38,1.0555555555555556,0.31,3.4050179211469533
MUK,45,39.5,38,0.8444444444444444,0.31,2.7240143369175627
CLOYSTER,3,10.5,26,8.666666666666666,1.5,5.777777777777778
CLOYSTER,3,10.5,29,9.666666666666666,1.5,6.444444444444444
CLOYSTER,6,20.5,26,4.333333333333333,1.5,2.888888888888889
CLOYSTER,6,20.5,29,4.833333333333333,1.5,3.222222222222222
CLOYSTER,9,25.5,26,2.888888888888889,1.5,1.9259259259259258
CLOYSTER,9,25.5,29,3.2222222222222223,1.5,2.1481481481481484
CLOYSTER,12,30.5,26,2.1666666666666665,1.5,1.4444444444444444
CLOYSTER,12,30.5,29,2.4166666666666665,1.5,1.611111111111111
CLOYSTER,18,32.5,26,1.4444444444444444,1.5,0.9629629629629629
CLOYSTER,18,32.5,29,1.6111111111111112,1.5,1.0740740740740742
CLOYSTER,24,34.5,26,1.0833333333333333,1.5,0.7222222222222222
CLOYSTER,24,34.5,29,1.2083333333333333,1.5,0.8055555555555555
CLOYSTER,30,36.5,26,0.8666666666666667,1.5,0.5777777777777778
CLOYSTER,30,36.5,29,0.9666666666666667,1.5,0.6444444444444445
CLOYSTER,36,38.5,26,0.7222222222222222,1.5,0.48148148148148145
CLOYSTER,36,38.5,29,0.8055555555555556,1.5,0.5370370370370371
CLOYSTER,45,39.5,26,0.5777777777777777,1.5,0.38518518518518513
CLOYSTER,45,39.5,29,0.6444444444444445,1.5,0.42962962962962964
GASTLY,3,10.5,11,3.6666666666666665,79.0,0.04641350210970464
GASTLY,6,20.5,11,1.8333333333333333,79.0,0.02320675105485232
GASTLY,9,25.5,11,1.2222222222222223,79.0,0.015471167369901548
GASTLY,12,30.5,11,0.9166666666666666,79.0,0.01160337552742616
GASTLY,18,32.5,11,0.6111111111111112,79.0,0.007735583684950774
GASTLY,24,34.5,11,0.4583333333333333,79.0,0.00580168776371308
GASTLY,30,36.5,11,0.36666666666666664,79.0,0.004641350210970464
GASTLY,36,38.5,11,0.3055555555555556,79.0,0.003867791842475387
GASTLY,45,39.5,11,0.24444444444444444,79.0,0.0030942334739803095
HAUNTER,3,10.5,18,6.0,5.2,1.1538461538461537
HAUNTER,6,20.5,18,3.0,5.2,0.5769230769230769
HAUNTER,9,25.5,18,2.0,5.2,0.3846153846153846
HAUNTER,12,30.5,18,1.5,5.2,0.28846153846153844
HAUNTER,18,32.5,18,1.0,5.2,0.1923076923076923
HAUNTER,24,34.5,18,0.75,5.2,0.14423076923076922
HAUNTER,30,36.5,18,0.6,5.2,0.11538461538461538
HAUNTER,36,38.5,18,0.5,5.2,0.09615384615384615
HAUNTER,45,39.5,18,0.4,5.2,0.07692307692307693
GENGAR,3,10.5,29,9.666666666666666,0.67,14.427860696517412
GENGAR,6,20.5,29,4.833333333333333,0.67,7.213930348258706
GENGAR,9,25.5,29,3.2222222222222223,0.67,4.8092868988391375
GENGAR,12,30.5,29,2.4166666666666665,0.67,3.606965174129353
GENGAR,18,32.5,29,1.6111111111111112,0.67,2.4046434494195688
GENGAR,24,34.5,29,1.2083333333333333,0.67,1.8034825870646765
GENGAR,30,36.5,29,0.9666666666666667,0.67,1.4427860696517412
GENGAR,36,38.5,29,0.8055555555555556,0.67,1.2023217247097844
GENGAR,45,39.5,29,0.6444444444444445,0.67,0.9618573797678275
ONIX,5,10.5,12,2.4,10.0,0.24
ONIX,10,20.5,12,1.2,10.0,0.12
ONIX,15,25.5,12,0.8,10.0,0.08
ONIX,20,30.5,12,0.6,10.0,0.06
ONIX,30,32.5,12,0.4,10.0,0.04
ONIX,40,34.5,12,0.3,10.0,0.03
ONIX,50,36.5,12,0.24,10.0,0.024
ONIX,60,38.5,12,0.2,10.0,0.02
ONIX,75,39.5,12,0.16,10.0,0.016
DROWZEE,3,10.5,22,7.333333333333333,321.0,0.02284527518172378
DROWZEE,6,20.5,22,3.6666666666666665,321.0,0.01142263759086189
DROWZEE,9,25.5,22,2.4444444444444446,321.0,0.00761509172724126
DROWZEE,12,30.5,22,1.8333333333333333,321.0,0.005711318795430945
DROWZEE,18,32.5,22,1.2222222222222223,321.0,0.00380754586362063
DROWZEE,24,34.5,22,0.9166666666666666,321.0,0.0028556593977154725
DROWZEE,30,36.5,22,0.7333333333333333,321.0,0.002284527518172378
DROWZEE,36,38.5,22,0.6111111111111112,321.0,0.001903772931810315
DROWZEE,45,39.5,22,0.4888888888888889,321.0,0.001523018345448252
HYPNO,3,10.5,29,9.666666666666666,10.0,0.9666666666666666
HYPNO,6,20.5,29,4.833333333333333,10.0,0.4833333333333333
HYPNO,9,25.5,29,3.2222222222222223,10.0,0.32222222222222224
HYPNO,12,30.5,29,2.4166666666666665,10.0,0.24166666666666664
HYPNO,18,32.5,29,1.6111111111111112,10.0,0.16111111111111112
HYPNO,24,34.5,29,1.2083333333333333,10.0,0.12083333333333332
HYPNO,30,36.5,29,0.9666666666666667,10.0,0.09666666666666666
HYPNO,36,38.5,29,0.8055555555555556,10.0,0.08055555555555556
HYPNO,45,39.5,29,0.6444444444444445,10.0,0.06444444444444444
KINGLER,3,10.5,25,8.333333333333334,6.2,1.3440860215053765
KINGLER,6,20.5,25,4.166666666666667,6.2,0.6720430107526882
KINGLER,9,25.5,25,2.7777777777777777,6.2,0.4480286738351254
KINGLER,12,30.5,25,2.0833333333333335,6.2,0.3360215053763441
KINGLER,18,32.5,25,1.3888888888888888,6.2,0.2240143369175627
KINGLER,24,34.5,25,1.0416666666666667,6.2,0.16801075268817206
KINGLER,30,36.5,25,0.8333333333333334,6.2,0.13440860215053763
KINGLER,36,38.5,25,0.6944444444444444,6.2,0.11200716845878135
KINGLER,45,39.5,25,0.5555555555555556,6.2,0.08960573476702509
ELECTRODE,3,10.5,21,7.0,2.0,3.5
ELECTRODE,6,20.5,21,3.5,2.0,1.75
ELECTRODE,9,25.5,21,2.3333333333333335,2.0,1.1666666666666667
ELECTRODE,12,30.5,21,1.75,2.0,0.875
ELECTRODE,18,32.5,21,1.1666666666666667,2.0,0.5833333333333334
ELECTRODE,24,34.5,21,0.875,2.0,0.4375
ELECTRODE,30,36.5,21,0.7,2.0,0.35
ELECTRODE,36,38.5,21,0.5833333333333334,2.0,0.2916666666666667
ELECTRODE,45,39.5,21,0.4666666666666667,2.0,0.23333333333333334
EXEGGUTOR,3,10.5,38,12.666666666666666,1.4,9.047619047619047
EXEGGUTOR,6,20.5,38,6.333333333333333,1.4,4.523809523809524
EXEGGUTOR,9,25.5,38,4.222222222222222,1.4,3.0158730158730163
EXEGGUTOR,12,30.5,38,3.1666666666666665,1.4,2.261904761904762
EXEGGUTOR,18,32.5,38,2.111111111111111,1.4,1.5079365079365081
EXEGGUTOR,24,34.5,38,1.5833333333333333,1.4,1.130952380952381
EXEGGUTOR,30,36.5,38,1.2666666666666666,1.4,0.9047619047619048
EXEGGUTOR,36,38.5,38,1.0555555555555556,1.4,0.7539682539682541
EXEGGUTOR,45,39.5,38,0.8444444444444444,1.4,0.6031746031746033
MAROWAK,3,10.5,22,7.333333333333333,2.0,3.6666666666666665
MAROWAK,6,20.5,22,3.6666666666666665,2.0,1.8333333333333333
MAROWAK,9,25.5,22,2.4444444444444446,2.0,1.2222222222222223
MAROWAK,12,30.5,22,1.8333333333333333,2.0,0.9166666666666666
MAROWAK,18,32.5,22,1.2222222222222223,2.0,0.6111111111111112
MAROWAK,24,34.5,22,0.9166666666666666,2.0,0.4583333333333333
MAROWAK,30,36.5,22,0.7333333333333333,2.0,0.36666666666666664
MAROWAK,36,38.5,22,0.6111111111111112,2.0,0.3055555555555556
MAROWAK,45,39.5,22,0.4888888888888889,2.0,0.24444444444444444
HITMONLEE,5,10.5,21,4.2,2.0,2.1
HITMONLEE,10,20.5,21,2.1,2.0,1.05
HITMONLEE,15,25.5,21,1.4,2.0,0.7
HITMONLEE,20,30.5,21,1.05,2.0,0.525
HITMONLEE,30,32.5,21,0.7,2.0,0.35
HITMONLEE,40,34.5,21,0.525,2.0,0.2625
HITMONLEE,50,36.5,21,0.42,2.0,0.21
HITMONLEE,60,38.5,21,0.35,2.0,0.175
HITMONLEE,75,39.5,21,0.28,2.0,0.14
HITMONCHAN,5,10.5,21,4.2,2.2,1.909090909090909
HITMONCHAN,10,20.5,21,2.1,2.2,0.9545454545454545
HITMONCHAN,15,25.5,21,1.4,2.2,0.6363636363636362
HITMONCHAN,20,30.5,21,1.05,2.2,0.47727272727272724
HITMONCHAN,30,32.5,21,0.7,2.2,0.3181818181818181
HITMONCHAN,40,34.5,21,0.525,2.2,0.23863636363636362
HITMONCHAN,50,36.5,21,0.42,2.2,0.1909090909090909
HITMONCHAN,60,38.5,21,0.35,2.2,0.15909090909090906
HITMONCHAN,75,39.5,21,0.28,2.2,0.1272727272727273
LICKITUNG,3,10.5,22,7.333333333333333,1.1,6.666666666666666
LICKITUNG,6,20.5,22,3.6666666666666665,1.1,3.333333333333333
LICKITUNG,9,25.5,22,2.4444444444444446,1.1,2.2222222222222223
LICKITUNG,12,30.5,22,1.8333333333333333,1.1,1.6666666666666665
LICKITUNG,18,32.5,22,1.2222222222222223,1.1,1.1111111111111112
LICKITUNG,24,34.5,22,0.9166666666666666,1.1,0.8333333333333333
LICKITUNG,30,36.5,22,0.7333333333333333,1.1,0.6666666666666665
LICKITUNG,36,38.5,22,0.6111111111111112,1.1,0.5555555555555556
LICKITUNG,45,39.5,22,0.4888888888888889,1.1,0.4444444444444444
KOFFING,3,10.5,16,5.333333333333333,20.0,0.26666666666666666
KOFFING,6,20.5,16,2.6666666666666665,20.0,0.13333333333333333
KOFFING,9,25.5,16,1.7777777777777777,20.0,0.08888888888888888
KOFFING,12,30.5,16,1.3333333333333333,20.0,0.06666666666666667
KOFFING,18,32.5,16,0.8888888888888888,20.0,0.04444444444444444
KOFFING,24,34.5,16,0.6666666666666666,20.0,0.03333333333333333
KOFFING,30,36.5,16,0.5333333333333333,20.0,0.026666666666666665
KOFFING,36,38.5,16,0.4444444444444444,20.0,0.02222222222222222
KOFFING,45,39.5,16,0.35555555555555557,20.0,0.017777777777777778
WEEZING,3,10.5,32,10.666666666666666,1.6,6.666666666666666
WEEZING,3,10.5,37,12.333333333333334,1.6,7.708333333333333
WEEZING,6,20.5,32,5.333333333333333,1.6,3.333333333333333
WEEZING,6,20.5,37,6.166666666666667,1.6,3.8541666666666665
WEEZING,9,25.5,32,3.5555555555555554,1.6,2.222222222222222
WEEZING,9,25.5,37,4.111111111111111,1.6,2.569444444444444
WEEZING,12,30.5,32,2.6666666666666665,1.6,1.6666666666666665
WEEZING,12,30.5,37,3.0833333333333335,1.6,1.9270833333333333
WEEZING,18,32.5,32,1.7777777777777777,1.6,1.111111111111111
WEEZING,18,32.5,37,2.0555555555555554,1.6,1.284722222222222
WEEZING,24,34.5,32,1.3333333333333333,1.6,0.8333333333333333
WEEZING,24,34.5,37,1.5416666666666667,1.6,0.9635416666666666
WEEZING,30,36.5,32,1.0666666666666667,1.6,0.6666666666666666
WEEZING,30,36.5,37,1.2333333333333334,1.6,0.7708333333333334
WEEZING,36,38.5,32,0.8888888888888888,1.6,0.5555555555555555
WEEZING,36,38.5,37,1.0277777777777777,1.6,0.642361111111111
WEEZING,45,39.5,32,0.7111111111111111,1.6,0.4444444444444444
WEEZING,45,39.5,37,0.8222222222222222,1.6,0.5138888888888888
RHYHORN,3,10.5,16,5.333333333333333,63.0,0.08465608465608465
RHYHORN,6,20.5,16,2.6666666666666665,63.0,0.042328042328042326
RHYHORN,9,25.5,16,1.7777777777777777,63.0,0.02821869488536155
RHYHORN,12,30.5,16,1.3333333333333333,63.0,0.021164021164021163
RHYHORN,18,32.5,16,0.8888888888888888,63.0,0.014109347442680775
RHYHORN,24,34.5,16,0.6666666666666666,63.0,0.010582010582010581
RHYHORN,30,36.5,16,0.5333333333333333,63.0,0.008465608465608466
RHYHORN,36,38.5,16,0.4444444444444444,63.0,0.007054673721340388
RHYHORN,45,39.5,16,0.35555555555555557,63.0,0.005643738977072311
RHYDON,3,10.5,29,9.666666666666666,2.2,4.393939393939394
RHYDON,6,20.5,29,4.833333333333333,2.2,2.196969696969697
RHYDON,9,25.5,29,3.2222222222222223,2.2,1.4646464646464645
RHYDON,12,30.5,29,2.4166666666666665,2.2,1.0984848484848484
RHYDON,18,32.5,29,1.6111111111111112,2.2,0.7323232323232323
RHYDON,24,34.5,29,1.2083333333333333,2.2,0.5492424242424242
RHYDON,30,36.5,29,0.9666666666666667,2.2,0.43939393939393934
RHYDON,36,38.5,29,0.8055555555555556,2.2,0.36616161616161613
RHYDON,45,39.5,29,0.6444444444444445,2.2,0.29292929292929293
CHANSEY,5,10.5,9,1.8,1.3,1.3846153846153846
CHANSEY,10,20.5,9,0.9,1.3,0.6923076923076923
CHANSEY,15,25.5,9,0.6,1.3,0.4615384615384615
CHANSEY,20,30.5,9,0.45,1.3,0.34615384615384615
CHANSEY,30,32.5,9,0.3,1.3,0.23076923076923075
CHANSEY,40,34.5,9,0.225,1.3,0.17307692307692307
CHANSEY,50,36.5,9,0.18,1.3,0.13846153846153844
CHANSEY,60,38.5,9,0.15,1.3,0.11538461538461538
CHANSEY,75,39.5,9,0.12,1.3,0.0923076923076923
TANGELA,3,10.5,25,8.333333333333334,22.8,0.3654970760233918
TANGELA,6,20.5,25,4.166666666666667,22.8,0.1827485380116959
TANGELA,9,25.5,25,2.7777777777777777,22.8,0.12183235867446393
TANGELA,12,30.5,25,2.0833333333333335,22.8,0.09137426900584796
TANGELA,18,32.5,25,1.3888888888888888,22.8,0.060916179337231965
TANGELA,24,34.5,25,1.0416666666666667,22.8,0.04568713450292398
TANGELA,30,36.5,25,0.8333333333333334,22.8,0.03654970760233918
TANGELA,36,38.5,25,0.6944444444444444,22.8,0.030458089668615983
TANGELA,45,39.5,25,0.5555555555555556,22.8,0.024366471734892786
KANGASKHAN,3,10.5,29,9.666666666666666,0.86,11.240310077519378
KANGASKHAN,6,20.5,29,4.833333333333333,0.86,5.620155038759689
KANGASKHAN,9,25.5,29,3.2222222222222223,0.86,3.7467700258397936
KANGASKHAN,12,30.5,29,2.4166666666666665,0.86,2.8100775193798446
KANGASKHAN,18,32.5,29,1.6111111111111112,0.86,1.8733850129198968
KANGASKHAN,24,34.5,29,1.2083333333333333,0.86,1.4050387596899223
KANGASKHAN,30,36.5,29,0.9666666666666667,0.86,1.124031007751938
KANGASKHAN,36,38.5,29,0.8055555555555556,0.86,0.9366925064599484
KANGASKHAN,45,39.5,29,0.6444444444444445,0.86,0.7493540051679587
SEADRA,3,10.5,22,7.333333333333333,3.4,2.156862745098039
SEADRA,6,20.5,22,3.6666666666666665,3.4,1.0784313725490196
SEADRA,9,25.5,22,2.4444444444444446,3.4,0.7189542483660132
SEADRA,12,30.5,22,1.8333333333333333,3.4,0.5392156862745098
SEADRA,18,32.5,22,1.2222222222222223,3.4,0.3594771241830066
SEADRA,24,34.5,22,0.9166666666666666,3.4,0.2696078431372549
SEADRA,30,36.5,22,0.7333333333333333,3.4,0.2156862745098039
SEADRA,36,38.5,22,0.6111111111111112,3.4,0.1797385620915033
SEADRA,45,39.5,22,0.4888888888888889,3.4,0.1437908496732026
SEAKING,3,10.5,29,9.666666666666666,8.0,1.2083333333333333
SEAKING,6,20.5,29,4.833333333333333,8.0,0.6041666666666666
SEAKING,9,25.5,29,3.2222222222222223,8.0,0.4027777777777778
SEAKING,12,30.5,29,2.4166666666666665,8.0,0.3020833333333333
SEAKING,18,32.5,29,1.6111111111111112,8.0,0.2013888888888889
SEAKING,24,34.5,29,1.2083333333333333,8.0,0.15104166666666666
SEAKING,30,36.5,29,0.9666666666666667,8.0,0.12083333333333333
SEAKING,36,38.5,29,0.8055555555555556,8.0,0.10069444444444445
SEAKING,45,39.5,29,0.6444444444444445,8.0,0.08055555555555556
STARMIE,3,10.5,30,10.0,3.4,2.9411764705882355
STARMIE,6,20.5,30,5.0,3.4,1.4705882352941178
STARMIE,9,25.5,30,3.3333333333333335,3.4,0.9803921568627452
STARMIE,12,30.5,30,2.5,3.4,0.7352941176470589
STARMIE,18,32.5,30,1.6666666666666667,3.4,0.4901960784313726
STARMIE,24,34.5,30,1.25,3.4,0.36764705882352944
STARMIE,30,36.5,30,1.0,3.4,0.29411764705882354
STARMIE,36,38.5,30,0.8333333333333334,3.4,0.2450980392156863
STARMIE,45,39.5,30,0.6666666666666666,3.4,0.19607843137254902
SCYTHER,5,10.5,30,6.0,14.0,0.42857142857142855
SCYTHER,10,20.5,30,3.0,14.0,0.21428571428571427
SCYTHER,15,25.5,30,2.0,14.0,0.14285714285714285
SCYTHER,20,30.5,30,1.5,14.0,0.10714285714285714
SCYTHER,30,32.5,30,1.0,14.0,0.07142857142857142
SCYTHER,40,34.5,30,0.75,14.0,0.05357142857142857
SCYTHER,50,36.5,30,0.6,14.0,0.04285714285714286
SCYTHER,60,38.5,30,0.5,14.0,0.03571428571428571
SCYTHER,75,39.5,30,0.4,14.0,0.028571428571428574
JYNX,5,10.5,22,4.4,35.0,0.12571428571428572
JYNX,10,20.5,22,2.2,35.0,0.06285714285714286
JYNX,15,25.5,22,1.4666666666666666,35.0,0.0419047619047619
JYNX,20,30.5,22,1.1,35.0,0.03142857142857143
JYNX,30,32.5,22,0.7333333333333333,35.0,0.02095238095238095
JYNX,40,34.5,22,0.55,35.0,0.015714285714285715
JYNX,50,36.5,22,0.44,35.0,0.012571428571428572
JYNX,60,38.5,22,0.36666666666666664,35.0,0.010476190476190476
JYNX,75,39.5,22,0.29333333333333333,35.0,0.008380952380952381
ELECTABUZZ,5,10.5,30,6.0,7.4,0.8108108108108107
ELECTABUZZ,10,20.5,30,3.0,7.4,0.4054054054054054
ELECTABUZZ,15,25.5,30,2.0,7.4,0.27027027027027023
ELECTABUZZ,20,30.5,30,1.5,7.4,0.2027027027027027
ELECTABUZZ,30,32.5,30,1.0,7.4,0.13513513513513511
ELECTABUZZ,40,34.5,30,0.75,7.4,0.10135135135135134
ELECTABUZZ,50,36.5,30,0.6,7.4,0.08108108108108107
ELECTABUZZ,60,38.5,30,0.5,7.4,0.06756756756756756
ELECTABUZZ,75,39.5,30,0.4,7.4,0.05405405405405406
MAGMAR,5,10.5,31,6.2,10.0,0.62
MAGMAR,5,10.5,32,6.4,10.0,0.64
MAGMAR,10,20.5,31,3.1,10.0,0.31
MAGMAR,10,20.5,32,3.2,10.0,0.32
MAGMAR,15,25.5,31,2.066666666666667,10.0,0.2066666666666667
MAGMAR,15,25.5,32,2.1333333333333333,10.0,0.21333333333333332
MAGMAR,20,30.5,31,1.55,10.0,0.155
MAGMAR,20,30.5,32,1.6,10.0,0.16
MAGMAR,30,32.5,31,1.0333333333333334,10.0,0.10333333333333335
MAGMAR,30,32.5,32,1.0666666666666667,10.0,0.10666666666666666
MAGMAR,40,34.5,31,0.775,10.0,0.0775
MAGMAR,40,34.5,32,0.8,10.0,0.08
MAGMAR,50,36.5,31,0.62,10.0,0.062
MAGMAR,50,36.5,32,0.64,10.0,0.064
MAGMAR,60,38.5,31,0.5166666666666667,10.0,0.05166666666666667
MAGMAR,60,38.5,32,0.5333333333333333,10.0,0.05333333333333333
MAGMAR,75,39.5,31,0.41333333333333333,10.0,0.04133333333333333
MAGMAR,75,39.5,32,0.4266666666666667,10.0,0.04266666666666667
PINSIR,5,10.5,29,5.8,99.0,0.05858585858585858
PINSIR,5,10.5,30,6.0,99.0,0.06060606060606061
PINSIR,10,20.5,29,2.9,99.0,0.02929292929292929
PINSIR,10,20.5,30,3.0,99.0,0.030303030303030304
PINSIR,15,25.5,29,1.9333333333333333,99.0,0.019528619528619527
PINSIR,15,25.5,30,2.0,99.0,0.020202020202020204
PINSIR,20,30.5,29,1.45,99.0,0.014646464646464645
PINSIR,20,30.5,30,1.5,99.0,0.015151515151515152
PINSIR,30,32.5,29,0.9666666666666667,99.0,0.009764309764309764
PINSIR,30,32.5,30,1.0,99.0,0.010101010101010102
PINSIR,40,34.5,29,0.725,99.0,0.007323232323232323
PINSIR,40,34.5,30,0.75,99.0,0.007575757575757576
PINSIR,50,36.5,29,0.58,99.0,0.005858585858585858
PINSIR,50,36.5,30,0.6,99.0,0.006060606060606061
PINSIR,60,38.5,29,0.48333333333333334,99.0,0.004882154882154882
PINSIR,60,38.5,30,0.5,99.0,0.005050505050505051
PINSIR,75,39.5,29,0.38666666666666666,99.0,0.0039057239057239054
PINSIR,75,39.5,30,0.4,99.0,0.00404040404040404
TAUROS,3,10.5,25,8.333333333333334,12.0,0.6944444444444445
TAUROS,6,20.5,25,4.166666666666667,12.0,0.34722222222222227
TAUROS,9,25.5,25,2.7777777777777777,12.0,0.23148148148148148
TAUROS,12,30.5,25,2.0833333333333335,12.0,0.17361111111111113
TAUROS,18,32.5,25,1.3888888888888888,12.0,0.11574074074074074
TAUROS,24,34.5,25,1.0416666666666667,12.0,0.08680555555555557
TAUROS,30,36.5,25,0.8333333333333334,12.0,0.06944444444444445
TAUROS,36,38.5,25,0.6944444444444444,12.0,0.05787037037037037
TAUROS,45,39.5,25,0.5555555555555556,12.0,0.0462962962962963
MAGIKARP,1,10.5,3,3.0,478.0,0.006276150627615063
MAGIKARP,2,20.5,3,1.5,478.0,0.0031380753138075313
MAGIKARP,3,25.5,3,1.0,478.0,0.0020920502092050207
MAGIKARP,4,30.5,3,0.75,478.0,0.0015690376569037657
MAGIKARP,6,32.5,3,0.5,478.0,0.0010460251046025104
MAGIKARP,8,34.5,3,0.375,478.0,0.0007845188284518828
MAGIKARP,10,36.5,3,0.3,478.0,0.0006276150627615063
MAGIKARP,12,38.5,3,0.25,478.0,0.0005230125523012552
MAGIKARP,15,39.5,3,0.2,478.0,0.0004184100418410042
GYARADOS,1,10.5,39,39.0,0.32,121.875
GYARADOS,2,20.5,39,19.5,0.32,60.9375
GYARADOS,3,25.5,39,13.0,0.32,40.625
GYARADOS,4,30.5,39,9.75,0.32,30.46875
GYARADOS,6,32.5,39,6.5,0.32,20.3125
GYARADOS,8,34.5,39,4.875,0.32,15.234375
GYARADOS,10,36.5,39,3.9,0.32,12.1875
GYARADOS,12,38.5,39,3.25,0.32,10.15625
GYARADOS,15,39.5,39,2.6,0.32,8.125
LAPRAS,5,10.5,43,8.6,0.6,14.333333333333334
LAPRAS,10,20.5,43,4.3,0.6,7.166666666666667
LAPRAS,15,25.5,43,2.8666666666666667,0.6,4.777777777777778
LAPRAS,20,30.5,43,2.15,0.6,3.5833333333333335
LAPRAS,30,32.5,43,1.4333333333333333,0.6,2.388888888888889
LAPRAS,40,34.5,43,1.075,0.6,1.7916666666666667
LAPRAS,50,36.5,43,0.86,0.6,1.4333333333333333
LAPRAS,60,38.5,43,0.7166666666666667,0.6,1.1944444444444444
LAPRAS,75,39.5,43,0.5733333333333334,0.6,0.9555555555555556
EEVEE,5,10.5,17,3.4,275.0,0.012363636363636363
EEVEE,10,20.5,17,1.7,275.0,0.0061818181818181816
EEVEE,15,25.5,17,1.1333333333333333,275.0,0.004121212121212121
EEVEE,20,30.5,17,0.85,275.0,0.0030909090909090908
EEVEE,30,32.5,17,0.5666666666666667,275.0,0.0020606060606060605
EEVEE,40,34.5,17,0.425,275.0,0.0015454545454545454
EEVEE,50,36.5,17,0.34,275.0,0.0012363636363636364
EEVEE,60,38.5,17,0.2833333333333333,275.0,0.0010303030303030303
EEVEE,75,39.5,17,0.22666666666666666,275.0,0.0008242424242424242
VAPOREON,5,10.5,40,8.0,1.4,5.714285714285714
VAPOREON,10,20.5,40,4.0,1.4,2.857142857142857
VAPOREON,15,25.5,40,2.6666666666666665,1.4,1.9047619047619049
VAPOREON,20,30.5,40,2.0,1.4,1.4285714285714286
VAPOREON,30,32.5,40,1.3333333333333333,1.4,0.9523809523809524
VAPOREON,40,34.5,40,1.0,1.4,0.7142857142857143
VAPOREON,50,36.5,40,0.8,1.4,0.5714285714285715
VAPOREON,60,38.5,40,0.6666666666666666,1.4,0.4761904761904762
VAPOREON,75,39.5,40,0.5333333333333333,1.4,0.380952380952381
JOLTEON,5,10.5,30,6.0,1.2,5.0
JOLTEON,10,20.5,30,3.0,1.2,2.5
JOLTEON,15,25.5,30,2.0,1.2,1.6666666666666667
JOLTEON,20,30.5,30,1.5,1.2,1.25
JOLTEON,30,32.5,30,1.0,1.2,0.8333333333333334
JOLTEON,40,34.5,30,0.75,1.2,0.625
JOLTEON,50,36.5,30,0.6,1.2,0.5
JOLTEON,60,38.5,30,0.5,1.2,0.4166666666666667
JOLTEON,75,39.5,30,0.4,1.2,0.33333333333333337
FLAREON,5,10.5,37,7.4,1.7,4.352941176470589
FLAREON,10,20.5,37,3.7,1.7,2.1764705882352944
FLAREON,15,25.5,37,2.466666666666667,1.7,1.450980392156863
FLAREON,20,30.5,37,1.85,1.7,1.0882352941176472
FLAREON,30,32.5,37,1.2333333333333334,1.7,0.7254901960784315
FLAREON,40,34.5,37,0.925,1.7,0.5441176470588236
FLAREON,50,36.5,37,0.74,1.7,0.43529411764705883
FLAREON,60,38.5,37,0.6166666666666667,1.7,0.36274509803921573
FLAREON,75,39.5,37,0.49333333333333335,1.7,0.2901960784313726
PORYGON,3,10.5,24,8.0,1.2,6.666666666666667
PORYGON,6,20.5,24,4.0,1.2,3.3333333333333335
PORYGON,9,25.5,24,2.6666666666666665,1.2,2.2222222222222223
PORYGON,12,30.5,24,2.0,1.2,1.6666666666666667
PORYGON,18,32.5,24,1.3333333333333333,1.2,1.1111111111111112
PORYGON,24,34.5,24,1.0,1.2,0.8333333333333334
PORYGON,30,36.5,24,0.8,1.2,0.6666666666666667
PORYGON,36,38.5,24,0.6666666666666666,1.2,0.5555555555555556
PORYGON,45,39.5,24,0.5333333333333333,1.2,0.4444444444444445
OMASTAR,5,10.5,32,6.4,0.61,10.491803278688526
OMASTAR,10,20.5,32,3.2,0.61,5.245901639344263
OMASTAR,15,25.5,32,2.1333333333333333,0.61,3.4972677595628414
OMASTAR,20,30.5,32,1.6,0.61,2.6229508196721314
OMASTAR,30,32.5,32,1.0666666666666667,0.61,1.7486338797814207
OMASTAR,40,34.5,32,0.8,0.61,1.3114754098360657
OMASTAR,50,36.5,32,0.64,0.61,1.0491803278688525
OMASTAR,60,38.5,32,0.5333333333333333,0.61,0.8743169398907104
OMASTAR,75,39.5,32,0.4266666666666667,0.61,0.6994535519125684
KABUTO,5,10.5,16,3.2,10.0,0.32
KABUTO,10,20.5,16,1.6,10.0,0.16
KABUTO,15,25.5,16,1.0666666666666667,10.0,0.10666666666666666
KABUTO,20,30.5,16,0.8,10.0,0.08
KABUTO,30,32.5,16,0.5333333333333333,10.0,0.05333333333333333
KABUTO,40,34.5,16,0.4,10.0,0.04
KABUTO,50,36.5,16,0.32,10.0,0.032
KABUTO,60,38.5,16,0.26666666666666666,10.0,0.026666666666666665
KABUTO,75,39.5,16,0.21333333333333335,10.0,0.021333333333333336
KABUTOPS,5,10.5,30,6.0,0.32,18.75
KABUTOPS,10,20.5,30,3.0,0.32,9.375
KABUTOPS,15,25.5,30,2.0,0.32,6.25
KABUTOPS,20,30.5,30,1.5,0.32,4.6875
KABUTOPS,30,32.5,30,1.0,0.32,3.125
KABUTOPS,40,34.5,30,0.75,0.32,2.34375
KABUTOPS,50,36.5,30,0.6,0.32,1.875
KABUTOPS,60,38.5,30,0.5,0.32,1.5625
KABUTOPS,75,39.5,30,0.4,0.32,1.25
AERODACTYL,5,10.5,31,6.2,1.8,3.4444444444444446
AERODACTYL,10,20.5,31,3.1,1.8,1.7222222222222223
AERODACTYL,15,25.5,31,2.066666666666667,1.8,1.1481481481481481
AERODACTYL,20,30.5,31,1.55,1.8,0.8611111111111112
AERODACTYL,30,32.5,31,1.0333333333333334,1.8,0.5740740740740741
AERODACTYL,40,34.5,31,0.775,1.8,0.4305555555555556
AERODACTYL,50,36.5,31,0.62,1.8,0.34444444444444444
AERODACTYL,60,38.5,31,0.5166666666666667,1.8,0.28703703703703703
AERODACTYL,75,39.5,31,0.41333333333333333,1.8,0.22962962962962963
SNORLAX,5,10.5,45,9.0,1.6,5.625
SNORLAX,10,20.5,45,4.5,1.6,2.8125
SNORLAX,15,25.5,45,3.0,1.6,1.875
SNORLAX,20,30.5,45,2.25,1.6,1.40625
SNORLAX,30,32.5,45,1.5,1.6,0.9375
SNORLAX,40,34.5,45,1.125,1.6,0.703125
SNORLAX,50,36.5,45,0.9,1.6,0.5625
SNORLAX,60,38.5,45,0.75,1.6,0.46875
SNORLAX,75,39.5,45,0.6,1.6,0.37499999999999994
DRATINI,5,10.5,13,2.6,30.0,0.08666666666666667
DRATINI,10,20.5,13,1.3,30.0,0.043333333333333335
DRATINI,15,25.5,13,0.8666666666666667,30.0,0.02888888888888889
DRATINI,20,30.5,13,0.65,30.0,0.021666666666666667
DRATINI,30,32.5,13,0.43333333333333335,30.0,0.014444444444444446
DRATINI,40,34.5,13,0.325,30.0,0.010833333333333334
DRATINI,50,36.5,13,0.26,30.0,0.008666666666666666
DRATINI,60,38.5,13,0.21666666666666667,30.0,0.007222222222222223
DRATINI,75,39.5,13,0.17333333333333334,30.0,0.005777777777777778
DRAGONAIR,5,10.5,25,5.0,2.0,2.5
DRAGONAIR,10,20.5,25,2.5,2.0,1.25
DRAGONAIR,15,25.5,25,1.6666666666666667,2.0,0.8333333333333334
DRAGONAIR,20,30.5,25,1.25,2.0,0.625
DRAGONAIR,30,32.5,25,0.8333333333333334,2.0,0.4166666666666667
DRAGONAIR,40,34.5,25,0.625,2.0,0.3125
DRAGONAIR,50,36.5,25,0.5,2.0,0.25
DRAGONAIR,60,38.5,25,0.4166666666666667,2.0,0.20833333333333334
DRAGONAIR,75,39.5,25,0.3333333333333333,2.0,0.16666666666666666
DRAGONITE,5,10.5,50,10.0,0.11,90.9090909090909
DRAGONITE,10,20.5,50,5.0,0.11,45.45454545454545
DRAGONITE,15,25.5,50,3.3333333333333335,0.11,30.303030303030305
DRAGONITE,20,30.5,50,2.5,0.11,22.727272727272727
DRAGONITE,30,32.5,50,1.6666666666666667,0.11,15.151515151515152
DRAGONITE,40,34.5,50,1.25,0.11,11.363636363636363
DRAGONITE,50,36.5,50,1.0,0.11,9.090909090909092
DRAGONITE,60,38.5,50,0.8333333333333334,0.11,7.575757575757576
DRAGONITE,75,39.5,50,0.6666666666666666,0.11,6.0606060606060606
