name,candy*km,max_level,cp_per_powerup,cp_per_km,avg_per_10000,score,no,name,from
BULBASAUR,3,10.5,13,4.333333333333333,69.0,0.06280193236714976,1,Bulbasaur,Egg
BULBASAUR,6,20.5,13,2.1666666666666665,69.0,0.03140096618357488,1,Bulbasaur,Egg
BULBASAUR,9,25.5,13,1.4444444444444444,69.0,0.020933977455716585,1,Bulbasaur,Egg
BULBASAUR,12,30.5,13,1.0833333333333333,69.0,0.01570048309178744,1,Bulbasaur,Egg
BULBASAUR,18,32.5,13,0.7222222222222222,69.0,0.010466988727858293,1,Bulbasaur,Egg
BULBASAUR,24,34.5,13,0.5416666666666666,69.0,0.00785024154589372,1,Bulbasaur,Egg
BULBASAUR,30,36.5,13,0.43333333333333335,69.0,0.006280193236714976,1,Bulbasaur,Egg
BULBASAUR,36,38.5,13,0.3611111111111111,69.0,0.005233494363929146,1,Bulbasaur,Egg
BULBASAUR,45,39.5,13,0.28888888888888886,69.0,0.004186795491143317,1,Bulbasaur,Egg
IVYSAUR,3,10.5,22,7.333333333333333,4.2,1.7460317460317458,2,Ivysaur,Bulbasaur
IVYSAUR,6,20.5,22,3.6666666666666665,4.2,0.8730158730158729,2,Ivysaur,Bulbasaur
IVYSAUR,9,25.5,22,2.4444444444444446,4.2,0.582010582010582,2,Ivysaur,Bulbasaur
IVYSAUR,12,30.5,22,1.8333333333333333,4.2,0.43650793650793646,2,Ivysaur,Bulbasaur
IVYSAUR,18,32.5,22,1.2222222222222223,4.2,0.291005291005291,2,Ivysaur,Bulbasaur
IVYSAUR,24,34.5,22,0.9166666666666666,4.2,0.21825396825396823,2,Ivysaur,Bulbasaur
IVYSAUR,30,36.5,22,0.7333333333333333,4.2,0.1746031746031746,2,Ivysaur,Bulbasaur
IVYSAUR,36,38.5,22,0.6111111111111112,4.2,0.1455026455026455,2,Ivysaur,Bulbasaur
IVYSAUR,45,39.5,22,0.4888888888888889,4.2,0.1164021164021164,2,Ivysaur,Bulbasaur
VENUSAUR,3,10.5,33,11.0,1.7,6.470588235294118,3,Venusaur,Ivysaur
VENUSAUR,6,20.5,33,5.5,1.7,3.235294117647059,3,Venusaur,Ivysaur
VENUSAUR,9,25.5,33,3.6666666666666665,1.7,2.156862745098039,3,Venusaur,Ivysaur
VENUSAUR,12,30.5,33,2.75,1.7,1.6176470588235294,3,Venusaur,Ivysaur
VENUSAUR,18,32.5,33,1.8333333333333333,1.7,1.0784313725490196,3,Venusaur,Ivysaur
VENUSAUR,24,34.5,33,1.375,1.7,0.8088235294117647,3,Venusaur,Ivysaur
VENUSAUR,30,36.5,33,1.1,1.7,0.6470588235294118,3,Venusaur,Ivysaur
VENUSAUR,36,38.5,33,0.9166666666666666,1.7,0.5392156862745098,3,Venusaur,Ivysaur
VENUSAUR,45,39.5,33,0.7333333333333333,1.7,0.4313725490196078,3,Venusaur,Ivysaur
CHARMANDER,3,10.5,13,4.333333333333333,25.3,0.17127799736495386,4,Charmander,Egg
CHARMANDER,6,20.5,13,2.1666666666666665,25.3,0.08563899868247693,4,Charmander,Egg
CHARMANDER,9,25.5,13,1.4444444444444444,25.3,0.05709266578831796,4,Charmander,Egg
CHARMANDER,12,30.5,13,1.0833333333333333,25.3,0.042819499341238465,4,Charmander,Egg
CHARMANDER,18,32.5,13,0.7222222222222222,25.3,0.02854633289415898,4,Charmander,Egg
CHARMANDER,24,34.5,13,0.5416666666666666,25.3,0.021409749670619233,4,Charmander,Egg
CHARMANDER,30,36.5,13,0.43333333333333335,25.3,0.017127799736495388,4,Charmander,Egg
CHARMANDER,36,38.5,13,0.3611111111111111,25.3,0.01427316644707949,4,Charmander,Egg
CHARMANDER,45,39.5,13,0.28888888888888886,25.3,0.01141853315766359,4,Charmander,Egg
CHARIZARD,3,10.5,33,11.0,0.31,35.483870967741936,6,Charizard,Charmeleon
CHARIZARD,6,20.5,33,5.5,0.31,17.741935483870968,6,Charizard,Charmeleon
CHARIZARD,9,25.5,33,3.6666666666666665,0.31,11.827956989247312,6,Charizard,Charmeleon
CHARIZARD,12,30.5,33,2.75,0.31,8.870967741935484,6,Charizard,Charmeleon
CHARIZARD,18,32.5,33,1.8333333333333333,0.31,5.913978494623656,6,Charizard,Charmeleon
CHARIZARD,24,34.5,33,1.375,0.31,4.435483870967742,6,Charizard,Charmeleon
CHARIZARD,30,36.5,33,1.1,0.31,3.548387096774194,6,Charizard,Charmeleon
CHARIZARD,36,38.5,33,0.9166666666666666,0.31,2.956989247311828,6,Charizard,Charmeleon
CHARIZARD,45,39.5,33,0.7333333333333333,0.31,2.365591397849462,6,Charizard,Charmeleon
SQUIRTLE,3,10.5,13,4.333333333333333,58.0,0.07471264367816091,7,Squirtle,Egg
SQUIRTLE,6,20.5,13,2.1666666666666665,58.0,0.037356321839080456,7,Squirtle,Egg
SQUIRTLE,9,25.5,13,1.4444444444444444,58.0,0.02490421455938697,7,Squirtle,Egg
SQUIRTLE,12,30.5,13,1.0833333333333333,58.0,0.018678160919540228,7,Squirtle,Egg
SQUIRTLE,18,32.5,13,0.7222222222222222,58.0,0.012452107279693486,7,Squirtle,Egg
SQUIRTLE,24,34.5,13,0.5416666666666666,58.0,0.009339080459770114,7,Squirtle,Egg
SQUIRTLE,30,36.5,13,0.43333333333333335,58.0,0.007471264367816092,7,Squirtle,Egg
SQUIRTLE,36,38.5,13,0.3611111111111111,58.0,0.006226053639846743,7,Squirtle,Egg
SQUIRTLE,45,39.5,13,0.28888888888888886,58.0,0.004980842911877394,7,Squirtle,Egg
BLASTOISE,3,10.5,30,10.0,0.67,14.925373134328357,9,Blastoise,Wartortle
BLASTOISE,3,10.5,32,10.666666666666666,0.67,15.920398009950247,9,Blastoise,Wartortle
BLASTOISE,6,20.5,30,5.0,0.67,7.462686567164178,9,Blastoise,Wartortle
BLASTOISE,6,20.5,32,5.333333333333333,0.67,7.960199004975124,9,Blastoise,Wartortle
BLASTOISE,9,25.5,30,3.3333333333333335,0.67,4.975124378109452,9,Blastoise,Wartortle
BLASTOISE,9,25.5,32,3.5555555555555554,0.67,5.306799336650083,9,Blastoise,Wartortle
BLASTOISE,12,30.5,30,2.5,0.67,3.731343283582089,9,Blastoise,Wartortle
BLASTOISE,12,30.5,32,2.6666666666666665,0.67,3.980099502487562,9,Blastoise,Wartortle
BLASTOISE,18,32.5,30,1.6666666666666667,0.67,2.487562189054726,9,Blastoise,Wartortle
BLASTOISE,18,32.5,32,1.7777777777777777,0.67,2.6533996683250414,9,Blastoise,Wartortle
BLASTOISE,24,34.5,30,1.25,0.67,1.8656716417910446,9,Blastoise,Wartortle
BLASTOISE,24,34.5,32,1.3333333333333333,0.67,1.990049751243781,9,Blastoise,Wartortle
BLASTOISE,30,36.5,30,1.0,0.67,1.4925373134328357,9,Blastoise,Wartortle
BLASTOISE,30,36.5,32,1.0666666666666667,0.67,1.5920398009950247,9,Blastoise,Wartortle
BLASTOISE,36,38.5,30,0.8333333333333334,0.67,1.243781094527363,9,Blastoise,Wartortle
BLASTOISE,36,38.5,32,0.8888888888888888,0.67,1.3266998341625207,9,Blastoise,Wartortle
BLASTOISE,45,39.5,30,0.6666666666666666,0.67,0.9950248756218905,9,Blastoise,Wartortle
BLASTOISE,45,39.5,32,0.7111111111111111,0.67,1.0613598673300166,9,Blastoise,Wartortle
BUTTERFREE,1,10.5,18,18.0,2.2,8.181818181818182,12,Butterfree,Metapod
BUTTERFREE,2,20.5,18,9.0,2.2,4.090909090909091,12,Butterfree,Metapod
BUTTERFREE,3,25.5,18,6.0,2.2,2.727272727272727,12,Butterfree,Metapod
BUTTERFREE,4,30.5,18,4.5,2.2,2.0454545454545454,12,Butterfree,Metapod
BUTTERFREE,6,32.5,18,3.0,2.2,1.3636363636363635,12,Butterfree,Metapod
BUTTERFREE,8,34.5,18,2.25,2.2,1.0227272727272727,12,Butterfree,Metapod
BUTTERFREE,10,36.5,18,1.8,2.2,0.8181818181818181,12,Butterfree,Metapod
BUTTERFREE,12,38.5,18,1.5,2.2,0.6818181818181818,12,Butterfree,Metapod
BUTTERFREE,15,39.5,18,1.2,2.2,0.5454545454545454,12,Butterfree,Metapod
BEEDRILL,1,10.5,20,20.0,5.1,3.9215686274509807,15,Beedrill,Kakuna
BEEDRILL,2,20.5,20,10.0,5.1,1.9607843137254903,15,Beedrill,Kakuna
BEEDRILL,3,25.5,20,6.666666666666667,5.1,1.3071895424836604,15,Beedrill,Kakuna
BEEDRILL,4,30.5,20,5.0,5.1,0.9803921568627452,15,Beedrill,Kakuna
BEEDRILL,6,32.5,20,3.3333333333333335,5.1,0.6535947712418302,15,Beedrill,Kakuna
BEEDRILL,8,34.5,20,2.5,5.1,0.4901960784313726,15,Beedrill,Kakuna
BEEDRILL,10,36.5,20,2.0,5.1,0.3921568627450981,15,Beedrill,Kakuna
BEEDRILL,12,38.5,20,1.6666666666666667,5.1,0.3267973856209151,15,Beedrill,Kakuna
BEEDRILL,15,39.5,20,1.3333333333333333,5.1,0.26143790849673204,15,Beedrill,Kakuna
PIDGEY,1,10.5,10,10.0,1598.0,0.006257822277847309,16,Pidgey,Egg
PIDGEY,2,20.5,10,5.0,1598.0,0.0031289111389236545,16,Pidgey,Egg
PIDGEY,3,25.5,10,3.3333333333333335,1598.0,0.0020859407592824365,16,Pidgey,Egg
PIDGEY,4,30.5,10,2.5,1598.0,0.0015644555694618273,16,Pidgey,Egg
PIDGEY,6,32.5,10,1.6666666666666667,1598.0,0.0010429703796412183,16,Pidgey,Egg
PIDGEY,8,34.5,10,1.25,1598.0,0.0007822277847309136,16,Pidgey,Egg
PIDGEY,10,36.5,10,1.0,1598.0,0.0006257822277847309,16,Pidgey,Egg
PIDGEY,12,38.5,10,0.8333333333333334,1598.0,0.0005214851898206091,16,Pidgey,Egg
PIDGEY,15,39.5,10,0.6666666666666666,1598.0,0.00041718815185648727,16,Pidgey,Egg
PIDGEOTTO,1,10.5,18,18.0,102.0,0.17647058823529413,17,Pidgeotto,Pidgey
PIDGEOTTO,2,20.5,18,9.0,102.0,0.08823529411764706,17,Pidgeotto,Pidgey
PIDGEOTTO,3,25.5,18,6.0,102.0,0.058823529411764705,17,Pidgeotto,Pidgey
PIDGEOTTO,4,30.5,18,4.5,102.0,0.04411764705882353,17,Pidgeotto,Pidgey
PIDGEOTTO,6,32.5,18,3.0,102.0,0.029411764705882353,17,Pidgeotto,Pidgey
PIDGEOTTO,8,34.5,18,2.25,102.0,0.022058823529411766,17,Pidgeotto,Pidgey
PIDGEOTTO,10,36.5,18,1.8,102.0,0.01764705882352941,17,Pidgeotto,Pidgey
PIDGEOTTO,12,38.5,18,1.5,102.0,0.014705882352941176,17,Pidgeotto,Pidgey
PIDGEOTTO,15,39.5,18,1.2,102.0,0.011764705882352941,17,Pidgeotto,Pidgey
PIDGEOT,1,10.5,29,29.0,13.0,2.230769230769231,18,Pidgeot,Pidgeotto
PIDGEOT,2,20.5,29,14.5,13.0,1.1153846153846154,18,Pidgeot,Pidgeotto
PIDGEOT,3,25.5,29,9.666666666666666,13.0,0.7435897435897435,18,Pidgeot,Pidgeotto
PIDGEOT,4,30.5,29,7.25,13.0,0.5576923076923077,18,Pidgeot,Pidgeotto
PIDGEOT,6,32.5,29,4.833333333333333,13.0,0.37179487179487175,18,Pidgeot,Pidgeotto
PIDGEOT,8,34.5,29,3.625,13.0,0.27884615384615385,18,Pidgeot,Pidgeotto
PIDGEOT,10,36.5,29,2.9,13.0,0.22307692307692306,18,Pidgeot,Pidgeotto
PIDGEOT,12,38.5,29,2.4166666666666665,13.0,0.18589743589743588,18,Pidgeot,Pidgeotto
PIDGEOT,15,39.5,29,1.9333333333333333,13.0,0.14871794871794872,18,Pidgeot,Pidgeotto
RATTATA,1,10.5,7,7.0,1305.0,0.0053639846743295016,19,Rattata,Egg
RATTATA,2,20.5,7,3.5,1305.0,0.0026819923371647508,19,Rattata,Egg
RATTATA,3,25.5,7,2.3333333333333335,1305.0,0.0017879948914431673,19,Rattata,Egg
RATTATA,4,30.5,7,1.75,1305.0,0.0013409961685823754,19,Rattata,Egg
RATTATA,6,32.5,7,1.1666666666666667,1305.0,0.0008939974457215837,19,Rattata,Egg
RATTATA,8,34.5,7,0.875,1305.0,0.0006704980842911877,19,Rattata,Egg
RATTATA,10,36.5,7,0.7,1305.0,0.0005363984674329502,19,Rattata,Egg
RATTATA,12,38.5,7,0.5833333333333334,1305.0,0.00044699872286079183,19,Rattata,Egg
RATTATA,15,39.5,7,0.4666666666666667,1305.0,0.00035759897828863347,19,Rattata,Egg
RATICATE,1,10.5,20,20.0,41.0,0.4878048780487805,20,Raticate,Rattata
RATICATE,2,20.5,20,10.0,41.0,0.24390243902439024,20,Raticate,Rattata
RATICATE,3,25.5,20,6.666666666666667,41.0,0.16260162601626016,20,Raticate,Rattata
RATICATE,4,30.5,20,5.0,41.0,0.12195121951219512,20,Raticate,Rattata
RATICATE,6,32.5,20,3.3333333333333335,41.0,0.08130081300813008,20,Raticate,Rattata
RATICATE,8,34.5,20,2.5,41.0,0.06097560975609756,20,Raticate,Rattata
RATICATE,10,36.5,20,2.0,41.0,0.04878048780487805,20,Raticate,Rattata
RATICATE,12,38.5,20,1.6666666666666667,41.0,0.04065040650406504,20,Raticate,Rattata
RATICATE,15,39.5,20,1.3333333333333333,41.0,0.03252032520325203,20,Raticate,Rattata
FEAROW,1,10.5,23,23.0,15.0,1.5333333333333334,22,Fearow,Spearow
FEAROW,2,20.5,23,11.5,15.0,0.7666666666666667,22,Fearow,Spearow
FEAROW,3,25.5,23,7.666666666666667,15.0,0.5111111111111112,22,Fearow,Spearow
FEAROW,4,30.5,23,5.75,15.0,0.38333333333333336,22,Fearow,Spearow
FEAROW,6,32.5,23,3.8333333333333335,15.0,0.2555555555555556,22,Fearow,Spearow
FEAROW,8,34.5,23,2.875,15.0,0.19166666666666668,22,Fearow,Spearow
FEAROW,10,36.5,23,2.3,15.0,0.15333333333333332,22,Fearow,Spearow
FEAROW,12,38.5,23,1.9166666666666667,15.0,0.1277777777777778,22,Fearow,Spearow
FEAROW,15,39.5,23,1.5333333333333334,15.0,0.10222222222222223,22,Fearow,Spearow
EKANS,3,10.5,11,3.6666666666666665,227.0,0.016152716593245228,23,Ekans,Egg
EKANS,6,20.5,11,1.8333333333333333,227.0,0.008076358296622614,23,Ekans,Egg
EKANS,9,25.5,11,1.2222222222222223,227.0,0.005384238864415076,23,Ekans,Egg
EKANS,12,30.5,11,0.9166666666666666,227.0,0.004038179148311307,23,Ekans,Egg
EKANS,18,32.5,11,0.6111111111111112,227.0,0.002692119432207538,23,Ekans,Egg
EKANS,24,34.5,11,0.4583333333333333,227.0,0.0020190895741556535,23,Ekans,Egg
EKANS,30,36.5,11,0.36666666666666664,227.0,0.0016152716593245227,23,Ekans,Egg
EKANS,36,38.5,11,0.3055555555555556,227.0,0.001346059716103769,23,Ekans,Egg
EKANS,45,39.5,11,0.24444444444444444,227.0,0.001076847772883015,23,Ekans,Egg
ARBOK,3,10.5,24,8.0,7.2,1.1111111111111112,24,Arbok,Ekans
ARBOK,6,20.5,24,4.0,7.2,0.5555555555555556,24,Arbok,Ekans
ARBOK,9,25.5,24,2.6666666666666665,7.2,0.37037037037037035,24,Arbok,Ekans
ARBOK,12,30.5,24,2.0,7.2,0.2777777777777778,24,Arbok,Ekans
ARBOK,18,32.5,24,1.3333333333333333,7.2,0.18518518518518517,24,Arbok,Ekans
ARBOK,24,34.5,24,1.0,7.2,0.1388888888888889,24,Arbok,Ekans
ARBOK,30,36.5,24,0.8,7.2,0.11111111111111112,24,Arbok,Ekans
ARBOK,36,38.5,24,0.6666666666666666,7.2,0.09259259259259259,24,Arbok,Ekans
ARBOK,45,39.5,24,0.5333333333333333,7.2,0.07407407407407407,24,Arbok,Ekans
PIKACHU,1,10.5,12,12.0,21.0,0.5714285714285714,25,Pikachu,Pichu
PIKACHU,2,20.5,12,6.0,21.0,0.2857142857142857,25,Pikachu,Pichu
PIKACHU,3,25.5,12,4.0,21.0,0.19047619047619047,25,Pikachu,Pichu
PIKACHU,4,30.5,12,3.0,21.0,0.14285714285714285,25,Pikachu,Pichu
PIKACHU,6,32.5,12,2.0,21.0,0.09523809523809523,25,Pikachu,Pichu
PIKACHU,8,34.5,12,1.5,21.0,0.07142857142857142,25,Pikachu,Pichu
PIKACHU,10,36.5,12,1.2,21.0,0.05714285714285714,25,Pikachu,Pichu
PIKACHU,12,38.5,12,1.0,21.0,0.047619047619047616,25,Pikachu,Pichu
PIKACHU,15,39.5,12,0.8,21.0,0.0380952380952381,25,Pikachu,Pichu
RAICHU,1,10.5,27,27.0,0.76,35.526315789473685,26,Raichu,Pikachu
RAICHU,2,20.5,27,13.5,0.76,17.763157894736842,26,Raichu,Pikachu
RAICHU,3,25.5,27,9.0,0.76,11.842105263157894,26,Raichu,Pikachu
RAICHU,4,30.5,27,6.75,0.76,8.881578947368421,26,Raichu,Pikachu
RAICHU,6,32.5,27,4.5,0.76,5.921052631578947,26,Raichu,Pikachu
RAICHU,8,34.5,27,3.375,0.76,4.440789473684211,26,Raichu,Pikachu
RAICHU,10,36.5,27,2.7,0.76,3.5526315789473686,26,Raichu,Pikachu
RAICHU,12,38.5,27,2.25,0.76,2.9605263157894735,26,Raichu,Pikachu
RAICHU,15,39.5,27,1.8,0.76,2.3684210526315788,26,Raichu,Pikachu
SANDSHREW,3,10.5,11,3.6666666666666665,111.0,0.03303303303303303,27,Sandshrew,Egg
SANDSHREW,6,20.5,11,1.8333333333333333,111.0,0.016516516516516516,27,Sandshrew,Egg
SANDSHREW,9,25.5,11,1.2222222222222223,111.0,0.011011011011011013,27,Sandshrew,Egg
SANDSHREW,12,30.5,11,0.9166666666666666,111.0,0.008258258258258258,27,Sandshrew,Egg
SANDSHREW,18,32.5,11,0.6111111111111112,111.0,0.005505505505505506,27,Sandshrew,Egg
SANDSHREW,24,34.5,11,0.4583333333333333,111.0,0.004129129129129129,27,Sandshrew,Egg
SANDSHREW,30,36.5,11,0.36666666666666664,111.0,0.003303303303303303,27,Sandshrew,Egg
SANDSHREW,36,38.5,11,0.3055555555555556,111.0,0.002752752752752753,27,Sandshrew,Egg
SANDSHREW,45,39.5,11,0.24444444444444444,111.0,0.002202202202202202,27,Sandshrew,Egg
SANDSLASH,3,10.5,23,7.666666666666667,3.7,2.0720720720720722,28,Sandslash,Sandshrew
SANDSLASH,6,20.5,23,3.8333333333333335,3.7,1.0360360360360361,28,Sandslash,Sandshrew
SANDSLASH,9,25.5,23,2.5555555555555554,3.7,0.6906906906906906,28,Sandslash,Sandshrew
SANDSLASH,12,30.5,23,1.9166666666666667,3.7,0.5180180180180181,28,Sandslash,Sandshrew
SANDSLASH,18,32.5,23,1.2777777777777777,3.7,0.3453453453453453,28,Sandslash,Sandshrew
SANDSLASH,24,34.5,23,0.9583333333333334,3.7,0.25900900900900903,28,Sandslash,Sandshrew
SANDSLASH,30,36.5,23,0.7666666666666667,3.7,0.2072072072072072,28,Sandslash,Sandshrew
SANDSLASH,36,38.5,23,0.6388888888888888,3.7,0.17267267267267264,28,Sandslash,Sandshrew
SANDSLASH,45,39.5,23,0.5111111111111111,3.7,0.13813813813813813,28,Sandslash,Sandshrew
NIDOQUEEN,3,10.5,32,10.666666666666666,1.2,8.88888888888889,31,Nidoqueen,Nidorina
NIDOQUEEN,6,20.5,32,5.333333333333333,1.2,4.444444444444445,31,Nidoqueen,Nidorina
NIDOQUEEN,9,25.5,32,3.5555555555555554,1.2,2.962962962962963,31,Nidoqueen,Nidorina
NIDOQUEEN,12,30.5,32,2.6666666666666665,1.2,2.2222222222222223,31,Nidoqueen,Nidorina
NIDOQUEEN,18,32.5,32,1.7777777777777777,1.2,1.4814814814814814,31,Nidoqueen,Nidorina
NIDOQUEEN,24,34.5,32,1.3333333333333333,1.2,1.1111111111111112,31,Nidoqueen,Nidorina
NIDOQUEEN,30,36.5,32,1.0666666666666667,1.2,0.888888888888889,31,Nidoqueen,Nidorina
NIDOQUEEN,36,38.5,32,0.8888888888888888,1.2,0.7407407407407407,31,Nidoqueen,Nidorina
NIDOQUEEN,45,39.5,32,0.7111111111111111,1.2,0.5925925925925927,31,Nidoqueen,Nidorina
NIDOKING,3,10.5,33,11.0,1.7,6.470588235294118,34,Nidoking,Nidorino
NIDOKING,6,20.5,33,5.5,1.7,3.235294117647059,34,Nidoking,Nidorino
NIDOKING,9,25.5,33,3.6666666666666665,1.7,2.156862745098039,34,Nidoking,Nidorino
NIDOKING,12,30.5,33,2.75,1.7,1.6176470588235294,34,Nidoking,Nidorino
NIDOKING,18,32.5,33,1.8333333333333333,1.7,1.0784313725490196,34,Nidoking,Nidorino
NIDOKING,24,34.5,33,1.375,1.7,0.8088235294117647,34,Nidoking,Nidorino
NIDOKING,30,36.5,33,1.1,1.7,0.6470588235294118,34,Nidoking,Nidorino
NIDOKING,36,38.5,33,0.9166666666666666,1.7,0.5392156862745098,34,Nidoking,Nidorino
NIDOKING,45,39.5,33,0.7333333333333333,1.7,0.4313725490196078,34,Nidoking,Nidorino
CLEFAIRY,1,10.5,16,16.0,92.0,0.17391304347826086,35,Clefairy,Cleffa
CLEFAIRY,2,20.5,16,8.0,92.0,0.08695652173913043,35,Clefairy,Cleffa
CLEFAIRY,3,25.5,16,5.333333333333333,92.0,0.05797101449275362,35,Clefairy,Cleffa
CLEFAIRY,4,30.5,16,4.0,92.0,0.043478260869565216,35,Clefairy,Cleffa
CLEFAIRY,6,32.5,16,2.6666666666666665,92.0,0.02898550724637681,35,Clefairy,Cleffa
CLEFAIRY,8,34.5,16,2.0,92.0,0.021739130434782608,35,Clefairy,Cleffa
CLEFAIRY,10,36.5,16,1.6,92.0,0.017391304347826087,35,Clefairy,Cleffa
CLEFAIRY,12,38.5,16,1.3333333333333333,92.0,0.014492753623188404,35,Clefairy,Cleffa
CLEFAIRY,15,39.5,16,1.0666666666666667,92.0,0.011594202898550725,35,Clefairy,Cleffa
CLEFABLE,1,10.5,33,33.0,1.2,27.5,36,Clefable,Clefairy
CLEFABLE,2,20.5,33,16.5,1.2,13.75,36,Clefable,Clefairy
CLEFABLE,3,25.5,33,11.0,1.2,9.166666666666668,36,Clefable,Clefairy
CLEFABLE,4,30.5,33,8.25,1.2,6.875,36,Clefable,Clefairy
CLEFABLE,6,32.5,33,5.5,1.2,4.583333333333334,36,Clefable,Clefairy
CLEFABLE,8,34.5,33,4.125,1.2,3.4375,36,Clefable,Clefairy
CLEFABLE,10,36.5,33,3.3,1.2,2.75,36,Clefable,Clefairy
CLEFABLE,12,38.5,33,2.75,1.2,2.291666666666667,36,Clefable,Clefairy
CLEFABLE,15,39.5,33,2.2,1.2,1.8333333333333335,36,Clefable,Clefairy
VULPIX,3,10.5,12,4.0,22.0,0.18181818181818182,37,Vulpix,Egg
VULPIX,6,20.5,12,2.0,22.0,0.09090909090909091,37,Vulpix,Egg
VULPIX,9,25.5,12,1.3333333333333333,22.0,0.0606060606060606,37,Vulpix,Egg
VULPIX,12,30.5,12,1.0,22.0,0.045454545454545456,37,Vulpix,Egg
VULPIX,18,32.5,12,0.6666666666666666,22.0,0.0303030303030303,37,Vulpix,Egg
VULPIX,24,34.5,12,0.5,22.0,0.022727272727272728,37,Vulpix,Egg
VULPIX,30,36.5,12,0.4,22.0,0.018181818181818184,37,Vulpix,Egg
VULPIX,36,38.5,12,0.3333333333333333,22.0,0.01515151515151515,37,Vulpix,Egg
VULPIX,45,39.5,12,0.26666666666666666,22.0,0.012121212121212121,37,Vulpix,Egg
NINETALES,3,10.5,31,10.333333333333334,0.77,13.41991341991342,38,Ninetales,Vulpix
NINETALES,6,20.5,31,5.166666666666667,0.77,6.70995670995671,38,Ninetales,Vulpix
NINETALES,9,25.5,31,3.4444444444444446,0.77,4.473304473304474,38,Ninetales,Vulpix
NINETALES,12,30.5,31,2.5833333333333335,0.77,3.354978354978355,38,Ninetales,Vulpix
NINETALES,18,32.5,31,1.7222222222222223,0.77,2.236652236652237,38,Ninetales,Vulpix
NINETALES,24,34.5,31,1.2916666666666667,0.77,1.6774891774891776,38,Ninetales,Vulpix
NINETALES,30,36.5,31,1.0333333333333334,0.77,1.341991341991342,38,Ninetales,Vulpix
NINETALES,36,38.5,31,0.8611111111111112,0.77,1.1183261183261184,38,Ninetales,Vulpix
NINETALES,45,39.5,31,0.6888888888888889,0.77,0.8946608946608946,38,Ninetales,Vulpix
WIGGLYTUFF,1,10.5,31,31.0,1.8,17.22222222222222,40,Wigglytuff,Jigglypuff
WIGGLYTUFF,2,20.5,31,15.5,1.8,8.61111111111111,40,Wigglytuff,Jigglypuff
WIGGLYTUFF,3,25.5,31,10.333333333333334,1.8,5.740740740740741,40,Wigglytuff,Jigglypuff
WIGGLYTUFF,4,30.5,31,7.75,1.8,4.305555555555555,40,Wigglytuff,Jigglypuff
WIGGLYTUFF,6,32.5,31,5.166666666666667,1.8,2.8703703703703707,40,Wigglytuff,Jigglypuff
WIGGLYTUFF,8,34.5,31,3.875,1.8,2.1527777777777777,40,Wigglytuff,Jigglypuff
WIGGLYTUFF,10,36.5,31,3.1,1.8,1.7222222222222223,40,Wigglytuff,Jigglypuff
WIGGLYTUFF,12,38.5,31,2.5833333333333335,1.8,1.4351851851851853,40,Wigglytuff,Jigglypuff
WIGGLYTUFF,15,39.5,31,2.066666666666667,1.8,1.1481481481481481,40,Wigglytuff,Jigglypuff
ZUBAT,1,10.5,11,11.0,652.0,0.01687116564417178,41,Zubat,Egg
ZUBAT,2,20.5,11,5.5,652.0,0.00843558282208589,41,Zubat,Egg
ZUBAT,3,25.5,11,3.6666666666666665,652.0,0.005623721881390593,41,Zubat,Egg
ZUBAT,4,30.5,11,2.75,652.0,0.004217791411042945,41,Zubat,Egg
ZUBAT,6,32.5,11,1.8333333333333333,652.0,0.0028118609406952966,41,Zubat,Egg
ZUBAT,8,34.5,11,1.375,652.0,0.0021088957055214724,41,Zubat,Egg
ZUBAT,10,36.5,11,1.1,652.0,0.0016871165644171781,41,Zubat,Egg
ZUBAT,12,38.5,11,0.9166666666666666,652.0,0.0014059304703476483,41,Zubat,Egg
ZUBAT,15,39.5,11,0.7333333333333333,652.0,0.0011247443762781185,41,Zubat,Egg
GOLBAT,1,10.5,27,27.0,42.0,0.6428571428571429,42,Golbat,Zubat
GOLBAT,2,20.5,27,13.5,42.0,0.32142857142857145,42,Golbat,Zubat
GOLBAT,3,25.5,27,9.0,42.0,0.21428571428571427,42,Golbat,Zubat
GOLBAT,4,30.5,27,6.75,42.0,0.16071428571428573,42,Golbat,Zubat
GOLBAT,6,32.5,27,4.5,42.0,0.10714285714285714,42,Golbat,Zubat
GOLBAT,8,34.5,27,3.375,42.0,0.08035714285714286,42,Golbat,Zubat
GOLBAT,10,36.5,27,2.7,42.0,0.0642857142857143,42,Golbat,Zubat
GOLBAT,12,38.5,27,2.25,42.0,0.05357142857142857,42,Golbat,Zubat
GOLBAT,15,39.5,27,1.8,42.0,0.04285714285714286,42,Golbat,Zubat
ODDISH,3,10.5,15,5.0,102.0,0.049019607843137254,43,Oddish,Egg
ODDISH,6,20.5,15,2.5,102.0,0.024509803921568627,43,Oddish,Egg
ODDISH,9,25.5,15,1.6666666666666667,102.0,0.016339869281045753,43,Oddish,Egg
ODDISH,12,30.5,15,1.25,102.0,0.012254901960784314,43,Oddish,Egg
ODDISH,18,32.5,15,0.8333333333333334,102.0,0.008169934640522876,43,Oddish,Egg
ODDISH,24,34.5,15,0.625,102.0,0.006127450980392157,43,Oddish,Egg
ODDISH,30,36.5,15,0.5,102.0,0.004901960784313725,43,Oddish,Egg
ODDISH,36,38.5,15,0.4166666666666667,102.0,0.004084967320261438,43,Oddish,Egg
ODDISH,45,39.5,15,0.3333333333333333,102.0,0.00326797385620915,43,Oddish,Egg
GLOOM,3,10.5,21,7.0,6.4,1.09375,44,Gloom,Oddish
GLOOM,6,20.5,21,3.5,6.4,0.546875,44,Gloom,Oddish
GLOOM,9,25.5,21,2.3333333333333335,6.4,0.3645833333333333,44,Gloom,Oddish
GLOOM,12,30.5,21,1.75,6.4,0.2734375,44,Gloom,Oddish
GLOOM,18,32.5,21,1.1666666666666667,6.4,0.18229166666666666,44,Gloom,Oddish
GLOOM,24,34.5,21,0.875,6.4,0.13671875,44,Gloom,Oddish
GLOOM,30,36.5,21,0.7,6.4,0.10937499999999999,44,Gloom,Oddish
GLOOM,36,38.5,21,0.5833333333333334,6.4,0.09114583333333333,44,Gloom,Oddish
GLOOM,45,39.5,21,0.4666666666666667,6.4,0.07291666666666666,44,Gloom,Oddish
VILEPLUME,3,10.5,32,10.666666666666666,0.97,10.996563573883162,45,Vileplume,Gloom
VILEPLUME,6,20.5,32,5.333333333333333,0.97,5.498281786941581,45,Vileplume,Gloom
VILEPLUME,9,25.5,32,3.5555555555555554,0.97,3.665521191294387,45,Vileplume,Gloom
VILEPLUME,12,30.5,32,2.6666666666666665,0.97,2.7491408934707904,45,Vileplume,Gloom
VILEPLUME,18,32.5,32,1.7777777777777777,0.97,1.8327605956471935,45,Vileplume,Gloom
VILEPLUME,24,34.5,32,1.3333333333333333,0.97,1.3745704467353952,45,Vileplume,Gloom
VILEPLUME,30,36.5,32,1.0666666666666667,0.97,1.0996563573883162,45,Vileplume,Gloom
VILEPLUME,36,38.5,32,0.8888888888888888,0.97,0.9163802978235968,45,Vileplume,Gloom
VILEPLUME,45,39.5,32,0.7111111111111111,0.97,0.7331042382588775,45,Vileplume,Gloom
PARAS,3,10.5,12,4.0,236.0,0.01694915254237288,46,Paras,Egg
PARAS,6,20.5,12,2.0,236.0,0.00847457627118644,46,Paras,Egg
PARAS,9,25.5,12,1.3333333333333333,236.0,0.005649717514124294,46,Paras,Egg
PARAS,12,30.5,12,1.0,236.0,0.00423728813559322,46,Paras,Egg
PARAS,18,32.5,12,0.6666666666666666,236.0,0.002824858757062147,46,Paras,Egg
PARAS,24,34.5,12,0.5,236.0,0.00211864406779661,46,Paras,Egg
PARAS,30,36.5,12,0.4,236.0,0.0016949152542372883,46,Paras,Egg
PARAS,36,38.5,12,0.3333333333333333,236.0,0.0014124293785310734,46,Paras,Egg
PARAS,45,39.5,12,0.26666666666666666,236.0,0.0011299435028248588,46,Paras,Egg
PARASECT,3,10.5,23,7.666666666666667,7.4,1.0360360360360361,47,Parasect,Paras
PARASECT,6,20.5,23,3.8333333333333335,7.4,0.5180180180180181,47,Parasect,Paras
PARASECT,9,25.5,23,2.5555555555555554,7.4,0.3453453453453453,47,Parasect,Paras
PARASECT,12,30.5,23,1.9166666666666667,7.4,0.25900900900900903,47,Parasect,Paras
PARASECT,18,32.5,23,1.2777777777777777,7.4,0.17267267267267264,47,Parasect,Paras
PARASECT,24,34.5,23,0.9583333333333334,7.4,0.12950450450450451,47,Parasect,Paras
PARASECT,30,36.5,23,0.7666666666666667,7.4,0.1036036036036036,47,Parasect,Paras
PARASECT,36,38.5,23,0.6388888888888888,7.4,0.08633633633633632,47,Parasect,Paras
PARASECT,45,39.5,23,0.5111111111111111,7.4,0.06906906906906907,47,Parasect,Paras
VENOMOTH,3,10.5,25,8.333333333333334,7.2,1.1574074074074074,49,Venomoth,Venonat
VENOMOTH,6,20.5,25,4.166666666666667,7.2,0.5787037037037037,49,Venomoth,Venonat
VENOMOTH,9,25.5,25,2.7777777777777777,7.2,0.38580246913580246,49,Venomoth,Venonat
VENOMOTH,12,30.5,25,2.0833333333333335,7.2,0.28935185185185186,49,Venomoth,Venonat
VENOMOTH,18,32.5,25,1.3888888888888888,7.2,0.19290123456790123,49,Venomoth,Venonat
VENOMOTH,24,34.5,25,1.0416666666666667,7.2,0.14467592592592593,49,Venomoth,Venonat
VENOMOTH,30,36.5,25,0.8333333333333334,7.2,0.11574074074074074,49,Venomoth,Venonat
VENOMOTH,36,38.5,25,0.6944444444444444,7.2,0.09645061728395062,49,Venomoth,Venonat
VENOMOTH,45,39.5,25,0.5555555555555556,7.2,0.07716049382716049,49,Venomoth,Venonat
DIGLETT,3,10.5,7,2.3333333333333335,40.0,0.058333333333333334,50,Diglett,Egg
DIGLETT,6,20.5,7,1.1666666666666667,40.0,0.029166666666666667,50,Diglett,Egg
DIGLETT,9,25.5,7,0.7777777777777778,40.0,0.019444444444444445,50,Diglett,Egg
DIGLETT,12,30.5,7,0.5833333333333334,40.0,0.014583333333333334,50,Diglett,Egg
DIGLETT,18,32.5,7,0.3888888888888889,40.0,0.009722222222222222,50,Diglett,Egg
DIGLETT,24,34.5,7,0.2916666666666667,40.0,0.007291666666666667,50,Diglett,Egg
DIGLETT,30,36.5,7,0.23333333333333334,40.0,0.005833333333333334,50,Diglett,Egg
DIGLETT,36,38.5,7,0.19444444444444445,40.0,0.004861111111111111,50,Diglett,Egg
DIGLETT,45,39.5,7,0.15555555555555556,40.0,0.0038888888888888888,50,Diglett,Egg
DUGTRIO,3,10.5,16,5.333333333333333,1.4,3.8095238095238098,51,Dugtrio,Diglett
DUGTRIO,6,20.5,16,2.6666666666666665,1.4,1.9047619047619049,51,Dugtrio,Diglett
DUGTRIO,9,25.5,16,1.7777777777777777,1.4,1.2698412698412698,51,Dugtrio,Diglett
DUGTRIO,12,30.5,16,1.3333333333333333,1.4,0.9523809523809524,51,Dugtrio,Diglett
DUGTRIO,18,32.5,16,0.8888888888888888,1.4,0.6349206349206349,51,Dugtrio,Diglett
DUGTRIO,24,34.5,16,0.6666666666666666,1.4,0.4761904761904762,51,Dugtrio,Diglett
DUGTRIO,30,36.5,16,0.5333333333333333,1.4,0.380952380952381,51,Dugtrio,Diglett
DUGTRIO,36,38.5,16,0.4444444444444444,1.4,0.31746031746031744,51,Dugtrio,Diglett
DUGTRIO,45,39.5,16,0.35555555555555557,1.4,0.253968253968254,51,Dugtrio,Diglett
PERSIAN,3,10.5,22,7.333333333333333,2.2,3.333333333333333,53,Persian,Meowth
PERSIAN,6,20.5,22,3.6666666666666665,2.2,1.6666666666666665,53,Persian,Meowth
PERSIAN,9,25.5,22,2.4444444444444446,2.2,1.1111111111111112,53,Persian,Meowth
PERSIAN,12,30.5,22,1.8333333333333333,2.2,0.8333333333333333,53,Persian,Meowth
PERSIAN,18,32.5,22,1.2222222222222223,2.2,0.5555555555555556,53,Persian,Meowth
PERSIAN,24,34.5,22,0.9166666666666666,2.2,0.41666666666666663,53,Persian,Meowth
PERSIAN,30,36.5,22,0.7333333333333333,2.2,0.33333333333333326,53,Persian,Meowth
PERSIAN,36,38.5,22,0.6111111111111112,2.2,0.2777777777777778,53,Persian,Meowth
PERSIAN,45,39.5,22,0.4888888888888889,2.2,0.2222222222222222,53,Persian,Meowth
GOLDUCK,3,10.5,32,10.666666666666666,8.7,1.2260536398467434,55,Golduck,Psyduck
GOLDUCK,6,20.5,32,5.333333333333333,8.7,0.6130268199233717,55,Golduck,Psyduck
GOLDUCK,9,25.5,32,3.5555555555555554,8.7,0.4086845466155811,55,Golduck,Psyduck
GOLDUCK,12,30.5,32,2.6666666666666665,8.7,0.30651340996168586,55,Golduck,Psyduck
GOLDUCK,18,32.5,32,1.7777777777777777,8.7,0.20434227330779056,55,Golduck,Psyduck
GOLDUCK,24,34.5,32,1.3333333333333333,8.7,0.15325670498084293,55,Golduck,Psyduck
GOLDUCK,30,36.5,32,1.0666666666666667,8.7,0.12260536398467434,55,Golduck,Psyduck
GOLDUCK,36,38.5,32,0.8888888888888888,8.7,0.10217113665389528,55,Golduck,Psyduck
GOLDUCK,45,39.5,32,0.7111111111111111,8.7,0.08173690932311622,55,Golduck,Psyduck
MANKEY,3,10.5,12,4.0,92.0,0.043478260869565216,56,Mankey,Egg
MANKEY,6,20.5,12,2.0,92.0,0.021739130434782608,56,Mankey,Egg
MANKEY,9,25.5,12,1.3333333333333333,92.0,0.014492753623188404,56,Mankey,Egg
MANKEY,12,30.5,12,1.0,92.0,0.010869565217391304,56,Mankey,Egg
MANKEY,18,32.5,12,0.6666666666666666,92.0,0.007246376811594202,56,Mankey,Egg
MANKEY,24,34.5,12,0.5,92.0,0.005434782608695652,56,Mankey,Egg
MANKEY,30,36.5,12,0.4,92.0,0.004347826086956522,56,Mankey,Egg
MANKEY,36,38.5,12,0.3333333333333333,92.0,0.003623188405797101,56,Mankey,Egg
MANKEY,45,39.5,12,0.26666666666666666,92.0,0.002898550724637681,56,Mankey,Egg
PRIMEAPE,3,10.5,27,9.0,3.1,2.903225806451613,57,Primeape,Mankey
PRIMEAPE,6,20.5,27,4.5,3.1,1.4516129032258065,57,Primeape,Mankey
PRIMEAPE,9,25.5,27,3.0,3.1,0.9677419354838709,57,Primeape,Mankey
PRIMEAPE,12,30.5,27,2.25,3.1,0.7258064516129032,57,Primeape,Mankey
PRIMEAPE,18,32.5,27,1.5,3.1,0.48387096774193544,57,Primeape,Mankey
PRIMEAPE,24,34.5,27,1.125,3.1,0.3629032258064516,57,Primeape,Mankey
PRIMEAPE,30,36.5,27,0.9,3.1,0.2903225806451613,57,Primeape,Mankey
PRIMEAPE,36,38.5,27,0.75,3.1,0.24193548387096772,57,Primeape,Mankey
PRIMEAPE,45,39.5,27,0.6,3.1,0.1935483870967742,57,Primeape,Mankey
GROWLITHE,3,10.5,24,8.0,92.0,0.08695652173913043,58,Growlithe,Egg
GROWLITHE,6,20.5,24,4.0,92.0,0.043478260869565216,58,Growlithe,Egg
GROWLITHE,9,25.5,24,2.6666666666666665,92.0,0.02898550724637681,58,Growlithe,Egg
GROWLITHE,12,30.5,24,2.0,92.0,0.021739130434782608,58,Growlithe,Egg
GROWLITHE,18,32.5,24,1.3333333333333333,92.0,0.014492753623188404,58,Growlithe,Egg
GROWLITHE,24,34.5,24,1.0,92.0,0.010869565217391304,58,Growlithe,Egg
GROWLITHE,30,36.5,24,0.8,92.0,0.008695652173913044,58,Growlithe,Egg
GROWLITHE,36,38.5,24,0.6666666666666666,92.0,0.007246376811594202,58,Growlithe,Egg
GROWLITHE,45,39.5,24,0.5333333333333333,92.0,0.005797101449275362,58,Growlithe,Egg
ARCANINE,3,10.5,40,13.333333333333334,1.7,7.843137254901961,59,Arcanine,Growlithe
ARCANINE,6,20.5,40,6.666666666666667,1.7,3.9215686274509807,59,Arcanine,Growlithe
ARCANINE,9,25.5,40,4.444444444444445,1.7,2.6143790849673203,59,Arcanine,Growlithe
ARCANINE,12,30.5,40,3.3333333333333335,1.7,1.9607843137254903,59,Arcanine,Growlithe
ARCANINE,18,32.5,40,2.2222222222222223,1.7,1.3071895424836601,59,Arcanine,Growlithe
ARCANINE,24,34.5,40,1.6666666666666667,1.7,0.9803921568627452,59,Arcanine,Growlithe
ARCANINE,30,36.5,40,1.3333333333333333,1.7,0.7843137254901961,59,Arcanine,Growlithe
ARCANINE,36,38.5,40,1.1111111111111112,1.7,0.6535947712418301,59,Arcanine,Growlithe
ARCANINE,45,39.5,40,0.8888888888888888,1.7,0.5228758169934641,59,Arcanine,Growlithe
POLIWRATH,3,10.5,34,11.333333333333334,1.1,10.303030303030303,62,Poliwrath,Poliwhirl
POLIWRATH,6,20.5,34,5.666666666666667,1.1,5.151515151515151,62,Poliwrath,Poliwhirl
POLIWRATH,9,25.5,34,3.7777777777777777,1.1,3.434343434343434,62,Poliwrath,Poliwhirl
POLIWRATH,12,30.5,34,2.8333333333333335,1.1,2.5757575757575757,62,Poliwrath,Poliwhirl
POLIWRATH,18,32.5,34,1.8888888888888888,1.1,1.717171717171717,62,Poliwrath,Poliwhirl
POLIWRATH,24,34.5,34,1.4166666666666667,1.1,1.2878787878787878,62,Poliwrath,Poliwhirl
POLIWRATH,30,36.5,34,1.1333333333333333,1.1,1.0303030303030303,62,Poliwrath,Poliwhirl
POLIWRATH,36,38.5,34,0.9444444444444444,1.1,0.8585858585858585,62,Poliwrath,Poliwhirl
POLIWRATH,45,39.5,34,0.7555555555555555,1.1,0.6868686868686869,62,Poliwrath,Poliwhirl
ABRA,3,10.5,9,3.0,42.0,0.07142857142857142,63,Abra,Egg
ABRA,6,20.5,9,1.5,42.0,0.03571428571428571,63,Abra,Egg
ABRA,9,25.5,9,1.0,42.0,0.023809523809523808,63,Abra,Egg
ABRA,12,30.5,9,0.75,42.0,0.017857142857142856,63,Abra,Egg
ABRA,18,32.5,9,0.5,42.0,0.011904761904761904,63,Abra,Egg
ABRA,24,34.5,9,0.375,42.0,0.008928571428571428,63,Abra,Egg
ABRA,30,36.5,9,0.3,42.0,0.007142857142857143,63,Abra,Egg
ABRA,36,38.5,9,0.25,42.0,0.005952380952380952,63,Abra,Egg
ABRA,45,39.5,9,0.2,42.0,0.004761904761904762,63,Abra,Egg
KADABRA,3,10.5,16,5.333333333333333,2.7,1.9753086419753083,64,Kadabra,Abra
KADABRA,6,20.5,16,2.6666666666666665,2.7,0.9876543209876542,64,Kadabra,Abra
KADABRA,9,25.5,16,1.7777777777777777,2.7,0.6584362139917694,64,Kadabra,Abra
KADABRA,12,30.5,16,1.3333333333333333,2.7,0.4938271604938271,64,Kadabra,Abra
KADABRA,18,32.5,16,0.8888888888888888,2.7,0.3292181069958847,64,Kadabra,Abra
KADABRA,24,34.5,16,0.6666666666666666,2.7,0.24691358024691354,64,Kadabra,Abra
KADABRA,30,36.5,16,0.5333333333333333,2.7,0.19753086419753085,64,Kadabra,Abra
KADABRA,36,38.5,16,0.4444444444444444,2.7,0.16460905349794236,64,Kadabra,Abra
KADABRA,45,39.5,16,0.35555555555555557,2.7,0.1316872427983539,64,Kadabra,Abra
ALAKAZAM,3,10.5,25,8.333333333333334,0.73,11.415525114155253,65,Alakazam,Kadabra
ALAKAZAM,6,20.5,25,4.166666666666667,0.73,5.7077625570776265,65,Alakazam,Kadabra
ALAKAZAM,9,25.5,25,2.7777777777777777,0.73,3.8051750380517504,65,Alakazam,Kadabra
ALAKAZAM,12,30.5,25,2.0833333333333335,0.73,2.8538812785388132,65,Alakazam,Kadabra
ALAKAZAM,18,32.5,25,1.3888888888888888,0.73,1.9025875190258752,65,Alakazam,Kadabra
ALAKAZAM,24,34.5,25,1.0416666666666667,0.73,1.4269406392694066,65,Alakazam,Kadabra
ALAKAZAM,30,36.5,25,0.8333333333333334,0.73,1.1415525114155252,65,Alakazam,Kadabra
ALAKAZAM,36,38.5,25,0.6944444444444444,0.73,0.9512937595129376,65,Alakazam,Kadabra
ALAKAZAM,45,39.5,25,0.5555555555555556,0.73,0.7610350076103501,65,Alakazam,Kadabra
MACHOKE,3,10.5,24,8.0,3.4,2.3529411764705883,67,Machoke,Machop
MACHOKE,6,20.5,24,4.0,3.4,1.1764705882352942,67,Machoke,Machop
MACHOKE,9,25.5,24,2.6666666666666665,3.4,0.7843137254901961,67,Machoke,Machop
MACHOKE,12,30.5,24,2.0,3.4,0.5882352941176471,67,Machoke,Machop
MACHOKE,18,32.5,24,1.3333333333333333,3.4,0.39215686274509803,67,Machoke,Machop
MACHOKE,24,34.5,24,1.0,3.4,0.29411764705882354,67,Machoke,Machop
MACHOKE,30,36.5,24,0.8,3.4,0.23529411764705885,67,Machoke,Machop
MACHOKE,36,38.5,24,0.6666666666666666,3.4,0.19607843137254902,67,Machoke,Machop
MACHOKE,45,39.5,24,0.5333333333333333,3.4,0.1568627450980392,67,Machoke,Machop
MACHAMP,3,10.5,35,11.666666666666666,0.68,17.15686274509804,68,Machamp,Machoke
MACHAMP,6,20.5,35,5.833333333333333,0.68,8.57843137254902,68,Machamp,Machoke
MACHAMP,9,25.5,35,3.888888888888889,0.68,5.718954248366012,68,Machamp,Machoke
MACHAMP,12,30.5,35,2.9166666666666665,0.68,4.28921568627451,68,Machamp,Machoke
MACHAMP,18,32.5,35,1.9444444444444444,0.68,2.859477124183006,68,Machamp,Machoke
MACHAMP,24,34.5,35,1.4583333333333333,0.68,2.144607843137255,68,Machamp,Machoke
MACHAMP,30,36.5,35,1.1666666666666667,0.68,1.7156862745098038,68,Machamp,Machoke
MACHAMP,36,38.5,35,0.9722222222222222,0.68,1.429738562091503,68,Machamp,Machoke
MACHAMP,45,39.5,35,0.7777777777777778,0.68,1.1437908496732025,68,Machamp,Machoke
BELLSPROUT,3,10.5,16,5.333333333333333,115.0,0.0463768115942029,69,Bellsprout,Egg
BELLSPROUT,6,20.5,16,2.6666666666666665,115.0,0.02318840579710145,69,Bellsprout,Egg
BELLSPROUT,9,25.5,16,1.7777777777777777,115.0,0.015458937198067632,69,Bellsprout,Egg
BELLSPROUT,12,30.5,16,1.3333333333333333,115.0,0.011594202898550725,69,Bellsprout,Egg
BELLSPROUT,18,32.5,16,0.8888888888888888,115.0,0.007729468599033816,69,Bellsprout,Egg
BELLSPROUT,24,34.5,16,0.6666666666666666,115.0,0.005797101449275362,69,Bellsprout,Egg
BELLSPROUT,30,36.5,16,0.5333333333333333,115.0,0.00463768115942029,69,Bellsprout,Egg
BELLSPROUT,36,38.5,16,0.4444444444444444,115.0,0.003864734299516908,69,Bellsprout,Egg
BELLSPROUT,45,39.5,16,0.35555555555555557,115.0,0.0030917874396135265,69,Bellsprout,Egg
WEEPINBELL,3,10.5,21,7.0,7.2,0.9722222222222222,70,Weepinbell,Bellsprout
WEEPINBELL,6,20.5,21,3.5,7.2,0.4861111111111111,70,Weepinbell,Bellsprout
WEEPINBELL,9,25.5,21,2.3333333333333335,7.2,0.32407407407407407,70,Weepinbell,Bellsprout
WEEPINBELL,12,30.5,21,1.75,7.2,0.24305555555555555,70,Weepinbell,Bellsprout
WEEPINBELL,18,32.5,21,1.1666666666666667,7.2,0.16203703703703703,70,Weepinbell,Bellsprout
WEEPINBELL,24,34.5,21,0.875,7.2,0.12152777777777778,70,Weepinbell,Bellsprout
WEEPINBELL,30,36.5,21,0.7,7.2,0.09722222222222221,70,Weepinbell,Bellsprout
WEEPINBELL,36,38.5,21,0.5833333333333334,7.2,0.08101851851851852,70,Weepinbell,Bellsprout
WEEPINBELL,45,39.5,21,0.4666666666666667,7.2,0.06481481481481481,70,Weepinbell,Bellsprout
VICTREEBEL,3,10.5,35,11.666666666666666,0.59,19.774011299435028,71,Victreebel,Weepinbell
VICTREEBEL,6,20.5,35,5.833333333333333,0.59,9.887005649717514,71,Victreebel,Weepinbell
VICTREEBEL,9,25.5,35,3.888888888888889,0.59,6.5913370998116765,71,Victreebel,Weepinbell
VICTREEBEL,12,30.5,35,2.9166666666666665,0.59,4.943502824858757,71,Victreebel,Weepinbell
VICTREEBEL,18,32.5,35,1.9444444444444444,0.59,3.2956685499058382,71,Victreebel,Weepinbell
VICTREEBEL,24,34.5,35,1.4583333333333333,0.59,2.4717514124293785,71,Victreebel,Weepinbell
VICTREEBEL,30,36.5,35,1.1666666666666667,0.59,1.977401129943503,71,Victreebel,Weepinbell
VICTREEBEL,36,38.5,35,0.9722222222222222,0.59,1.6478342749529191,71,Victreebel,Weepinbell
VICTREEBEL,45,39.5,35,0.7777777777777778,0.59,1.3182674199623352,71,Victreebel,Weepinbell
TENTACRUEL,3,10.5,30,10.0,8.2,1.2195121951219514,73,Tentacruel,Tentacool
TENTACRUEL,6,20.5,30,5.0,8.2,0.6097560975609757,73,Tentacruel,Tentacool
TENTACRUEL,9,25.5,30,3.3333333333333335,8.2,0.40650406504065045,73,Tentacruel,Tentacool
TENTACRUEL,12,30.5,30,2.5,8.2,0.30487804878048785,73,Tentacruel,Tentacool
TENTACRUEL,18,32.5,30,1.6666666666666667,8.2,0.20325203252032523,73,Tentacruel,Tentacool
TENTACRUEL,24,34.5,30,1.25,8.2,0.15243902439024393,73,Tentacruel,Tentacool
TENTACRUEL,30,36.5,30,1.0,8.2,0.12195121951219513,73,Tentacruel,Tentacool
TENTACRUEL,36,38.5,30,0.8333333333333334,8.2,0.10162601626016261,73,Tentacruel,Tentacool
TENTACRUEL,45,39.5,30,0.6666666666666666,8.2,0.08130081300813008,73,Tentacruel,Tentacool
GEODUDE,1,10.5,11,11.0,119.0,0.09243697478991597,74,Geodude,Egg
GEODUDE,2,20.5,11,5.5,119.0,0.046218487394957986,74,Geodude,Egg
GEODUDE,3,25.5,11,3.6666666666666665,119.0,0.030812324929971987,74,Geodude,Egg
GEODUDE,4,30.5,11,2.75,119.0,0.023109243697478993,74,Geodude,Egg
GEODUDE,6,32.5,11,1.8333333333333333,119.0,0.015406162464985993,74,Geodude,Egg
GEODUDE,8,34.5,11,1.375,119.0,0.011554621848739496,74,Geodude,Egg
GEODUDE,10,36.5,11,1.1,119.0,0.009243697478991597,74,Geodude,Egg
GEODUDE,12,38.5,11,0.9166666666666666,119.0,0.007703081232492997,74,Geodude,Egg
GEODUDE,15,39.5,11,0.7333333333333333,119.0,0.0061624649859943975,74,Geodude,Egg
GOLEM,1,10.5,31,31.0,0.47,65.95744680851064,76,Golem,Graveler
GOLEM,2,20.5,31,15.5,0.47,32.97872340425532,76,Golem,Graveler
GOLEM,3,25.5,31,10.333333333333334,0.47,21.985815602836883,76,Golem,Graveler
GOLEM,4,30.5,31,7.75,0.47,16.48936170212766,76,Golem,Graveler
GOLEM,6,32.5,31,5.166666666666667,0.47,10.992907801418442,76,Golem,Graveler
GOLEM,8,34.5,31,3.875,0.47,8.24468085106383,76,Golem,Graveler
GOLEM,10,36.5,31,3.1,0.47,6.595744680851064,76,Golem,Graveler
GOLEM,12,38.5,31,2.5833333333333335,0.47,5.496453900709221,76,Golem,Graveler
GOLEM,15,39.5,31,2.066666666666667,0.47,4.3971631205673765,76,Golem,Graveler
PONYTA,3,10.5,21,7.0,51.0,0.13725490196078433,77,Ponyta,Egg
PONYTA,6,20.5,21,3.5,51.0,0.06862745098039216,77,Ponyta,Egg
PONYTA,9,25.5,21,2.3333333333333335,51.0,0.04575163398692811,77,Ponyta,Egg
PONYTA,12,30.5,21,1.75,51.0,0.03431372549019608,77,Ponyta,Egg
PONYTA,18,32.5,21,1.1666666666666667,51.0,0.022875816993464054,77,Ponyta,Egg
PONYTA,24,34.5,21,0.875,51.0,0.01715686274509804,77,Ponyta,Egg
PONYTA,30,36.5,21,0.7,51.0,0.013725490196078431,77,Ponyta,Egg
PONYTA,36,38.5,21,0.5833333333333334,51.0,0.011437908496732027,77,Ponyta,Egg
PONYTA,45,39.5,21,0.4666666666666667,51.0,0.009150326797385621,77,Ponyta,Egg
RAPIDASH,3,10.5,30,10.0,1.1,9.09090909090909,78,Rapidash,Ponyta
RAPIDASH,6,20.5,30,5.0,1.1,4.545454545454545,78,Rapidash,Ponyta
RAPIDASH,9,25.5,30,3.3333333333333335,1.1,3.0303030303030303,78,Rapidash,Ponyta
RAPIDASH,12,30.5,30,2.5,1.1,2.2727272727272725,78,Rapidash,Ponyta
RAPIDASH,18,32.5,30,1.6666666666666667,1.1,1.5151515151515151,78,Rapidash,Ponyta
RAPIDASH,24,34.5,30,1.25,1.1,1.1363636363636362,78,Rapidash,Ponyta
RAPIDASH,30,36.5,30,1.0,1.1,0.9090909090909091,78,Rapidash,Ponyta
RAPIDASH,36,38.5,30,0.8333333333333334,1.1,0.7575757575757576,78,Rapidash,Ponyta
RAPIDASH,45,39.5,30,0.6666666666666666,1.1,0.606060606060606,78,Rapidash,Ponyta
SLOWBRO,3,10.5,35,11.666666666666666,3.6,3.2407407407407405,80,Slowbro,Slowpoke
SLOWBRO,6,20.5,35,5.833333333333333,3.6,1.6203703703703702,80,Slowbro,Slowpoke
SLOWBRO,9,25.5,35,3.888888888888889,3.6,1.0802469135802468,80,Slowbro,Slowpoke
SLOWBRO,12,30.5,35,2.9166666666666665,3.6,0.8101851851851851,80,Slowbro,Slowpoke
SLOWBRO,18,32.5,35,1.9444444444444444,3.6,0.5401234567901234,80,Slowbro,Slowpoke
SLOWBRO,24,34.5,35,1.4583333333333333,3.6,0.40509259259259256,80,Slowbro,Slowpoke
SLOWBRO,30,36.5,35,1.1666666666666667,3.6,0.32407407407407407,80,Slowbro,Slowpoke
SLOWBRO,36,38.5,35,0.9722222222222222,3.6,0.2700617283950617,80,Slowbro,Slowpoke
SLOWBRO,45,39.5,35,0.7777777777777778,3.6,0.21604938271604937,80,Slowbro,Slowpoke
MAGNEMITE,3,10.5,12,4.0,71.0,0.056338028169014086,81,Magnemite,Egg
MAGNEMITE,6,20.5,12,2.0,71.0,0.028169014084507043,81,Magnemite,Egg
MAGNEMITE,9,25.5,12,1.3333333333333333,71.0,0.018779342723004695,81,Magnemite,Egg
MAGNEMITE,12,30.5,12,1.0,71.0,0.014084507042253521,81,Magnemite,Egg
MAGNEMITE,18,32.5,12,0.6666666666666666,71.0,0.009389671361502348,81,Magnemite,Egg
MAGNEMITE,24,34.5,12,0.5,71.0,0.007042253521126761,81,Magnemite,Egg
MAGNEMITE,30,36.5,12,0.4,71.0,0.005633802816901409,81,Magnemite,Egg
MAGNEMITE,36,38.5,12,0.3333333333333333,71.0,0.004694835680751174,81,Magnemite,Egg
MAGNEMITE,45,39.5,12,0.26666666666666666,71.0,0.003755868544600939,81,Magnemite,Egg
MAGNETON,3,10.5,25,8.333333333333334,2.3,3.623188405797102,82,Magneton,Magnemite
MAGNETON,6,20.5,25,4.166666666666667,2.3,1.811594202898551,82,Magneton,Magnemite
MAGNETON,9,25.5,25,2.7777777777777777,2.3,1.2077294685990339,82,Magneton,Magnemite
MAGNETON,12,30.5,25,2.0833333333333335,2.3,0.9057971014492755,82,Magneton,Magnemite
MAGNETON,18,32.5,25,1.3888888888888888,2.3,0.6038647342995169,82,Magneton,Magnemite
MAGNETON,24,34.5,25,1.0416666666666667,2.3,0.45289855072463775,82,Magneton,Magnemite
MAGNETON,30,36.5,25,0.8333333333333334,2.3,0.3623188405797102,82,Magneton,Magnemite
MAGNETON,36,38.5,25,0.6944444444444444,2.3,0.30193236714975846,82,Magneton,Magnemite
MAGNETON,45,39.5,25,0.5555555555555556,2.3,0.24154589371980678,82,Magneton,Magnemite
DODUO,3,10.5,10,3.3333333333333335,52.0,0.06410256410256411,84,Doduo,Egg
DODUO,6,20.5,10,1.6666666666666667,52.0,0.032051282051282055,84,Doduo,Egg
DODUO,9,25.5,10,1.1111111111111112,52.0,0.021367521367521368,84,Doduo,Egg
DODUO,12,30.5,10,0.8333333333333334,52.0,0.016025641025641028,84,Doduo,Egg
DODUO,18,32.5,10,0.5555555555555556,52.0,0.010683760683760684,84,Doduo,Egg
DODUO,24,34.5,10,0.4166666666666667,52.0,0.008012820512820514,84,Doduo,Egg
DODUO,30,36.5,10,0.3333333333333333,52.0,0.00641025641025641,84,Doduo,Egg
DODUO,36,38.5,10,0.2777777777777778,52.0,0.005341880341880342,84,Doduo,Egg
DODUO,45,39.5,10,0.2222222222222222,52.0,0.004273504273504273,84,Doduo,Egg
DODRIO,3,10.5,24,8.0,22.0,0.36363636363636365,85,Dodrio,Doduo
DODRIO,6,20.5,24,4.0,22.0,0.18181818181818182,85,Dodrio,Doduo
DODRIO,9,25.5,24,2.6666666666666665,22.0,0.1212121212121212,85,Dodrio,Doduo
DODRIO,12,30.5,24,2.0,22.0,0.09090909090909091,85,Dodrio,Doduo
DODRIO,18,32.5,24,1.3333333333333333,22.0,0.0606060606060606,85,Dodrio,Doduo
DODRIO,24,34.5,24,1.0,22.0,0.045454545454545456,85,Dodrio,Doduo
DODRIO,30,36.5,24,0.8,22.0,0.03636363636363637,85,Dodrio,Doduo
DODRIO,36,38.5,24,0.6666666666666666,22.0,0.0303030303030303,85,Dodrio,Doduo
DODRIO,45,39.5,24,0.5333333333333333,22.0,0.024242424242424242,85,Dodrio,Doduo
SEEL,3,10.5,16,5.333333333333333,28.0,0.19047619047619047,86,Seel,Egg
SEEL,6,20.5,16,2.6666666666666665,28.0,0.09523809523809523,86,Seel,Egg
SEEL,9,25.5,16,1.7777777777777777,28.0,0.06349206349206349,86,Seel,Egg
SEEL,12,30.5,16,1.3333333333333333,28.0,0.047619047619047616,86,Seel,Egg
SEEL,18,32.5,16,0.8888888888888888,28.0,0.031746031746031744,86,Seel,Egg
SEEL,24,34.5,16,0.6666666666666666,28.0,0.023809523809523808,86,Seel,Egg
SEEL,30,36.5,16,0.5333333333333333,28.0,0.019047619047619046,86,Seel,Egg
SEEL,36,38.5,16,0.4444444444444444,28.0,0.015873015873015872,86,Seel,Egg
SEEL,45,39.5,16,0.35555555555555557,28.0,0.012698412698412698,86,Seel,Egg
DEWGONG,3,10.5,31,10.333333333333334,1.3,7.948717948717949,87,Dewgong,Seel
DEWGONG,6,20.5,31,5.166666666666667,1.3,3.9743589743589745,87,Dewgong,Seel
DEWGONG,9,25.5,31,3.4444444444444446,1.3,2.6495726495726495,87,Dewgong,Seel
DEWGONG,12,30.5,31,2.5833333333333335,1.3,1.9871794871794872,87,Dewgong,Seel
DEWGONG,18,32.5,31,1.7222222222222223,1.3,1.3247863247863247,87,Dewgong,Seel
DEWGONG,24,34.5,31,1.2916666666666667,1.3,0.9935897435897436,87,Dewgong,Seel
DEWGONG,30,36.5,31,1.0333333333333334,1.3,0.7948717948717949,87,Dewgong,Seel
DEWGONG,36,38.5,31,0.8611111111111112,1.3,0.6623931623931624,87,Dewgong,Seel
DEWGONG,45,39.5,31,0.6888888888888889,1.3,0.5299145299145299,87,Dewgong,Seel
MUK,3,10.5,38,12.666666666666666,0.31,40.86021505376344,89,Muk,Grimer
MUK,6,20.5,38,6.333333333333333,0.31,20.43010752688172,89,Muk,Grimer
MUK,9,25.5,38,4.222222222222222,0.31,13.620071684587813,89,Muk,Grimer
MUK,12,30.5,38,3.1666666666666665,0.31,10.21505376344086,89,Muk,Grimer
MUK,18,32.5,38,2.111111111111111,0.31,6.810035842293907,89,Muk,Grimer
MUK,24,34.5,38,1.5833333333333333,0.31,5.10752688172043,89,Muk,Grimer
MUK,30,36.5,38,1.2666666666666666,0.31,4.086021505376344,89,Muk,Grimer
MUK,36,38.5,38,1.0555555555555556,0.31,3.4050179211469533,89,Muk,Grimer
MUK,45,39.5,38,0.8444444444444444,0.31,2.7240143369175627,89,Muk,Grimer
CLOYSTER,3,10.5,26,8.666666666666666,1.5,5.777777777777778,91,Cloyster,Shellder
CLOYSTER,3,10.5,29,9.666666666666666,1.5,6.444444444444444,91,Cloyster,Shellder
CLOYSTER,6,20.5,26,4.333333333333333,1.5,2.888888888888889,91,Cloyster,Shellder
CLOYSTER,6,20.5,29,4.833333333333333,1.5,3.222222222222222,91,Cloyster,Shellder
CLOYSTER,9,25.5,26,2.888888888888889,1.5,1.9259259259259258,91,Cloyster,Shellder
CLOYSTER,9,25.5,29,3.2222222222222223,1.5,2.1481481481481484,91,Cloyster,Shellder
CLOYSTER,12,30.5,26,2.1666666666666665,1.5,1.4444444444444444,91,Cloyster,Shellder
CLOYSTER,12,30.5,29,2.4166666666666665,1.5,1.611111111111111,91,Cloyster,Shellder
CLOYSTER,18,32.5,26,1.4444444444444444,1.5,0.9629629629629629,91,Cloyster,Shellder
CLOYSTER,18,32.5,29,1.6111111111111112,1.5,1.0740740740740742,91,Cloyster,Shellder
CLOYSTER,24,34.5,26,1.0833333333333333,1.5,0.7222222222222222,91,Cloyster,Shellder
CLOYSTER,24,34.5,29,1.2083333333333333,1.5,0.8055555555555555,91,Cloyster,Shellder
CLOYSTER,30,36.5,26,0.8666666666666667,1.5,0.5777777777777778,91,Cloyster,Shellder
CLOYSTER,30,36.5,29,0.9666666666666667,1.5,0.6444444444444445,91,Cloyster,Shellder
CLOYSTER,36,38.5,26,0.7222222222222222,1.5,0.48148148148148145,91,Cloyster,Shellder
CLOYSTER,36,38.5,29,0.8055555555555556,1.5,0.5370370370370371,91,Cloyster,Shellder
CLOYSTER,45,39.5,26,0.5777777777777777,1.5,0.38518518518518513,91,Cloyster,Shellder
CLOYSTER,45,39.5,29,0.6444444444444445,1.5,0.42962962962962964,91,Cloyster,Shellder
GASTLY,3,10.5,11,3.6666666666666665,79.0,0.04641350210970464,92,Gastly,Egg
GASTLY,6,20.5,11,1.8333333333333333,79.0,0.02320675105485232,92,Gastly,Egg
GASTLY,9,25.5,11,1.2222222222222223,79.0,0.015471167369901548,92,Gastly,Egg
GASTLY,12,30.5,11,0.9166666666666666,79.0,0.01160337552742616,92,Gastly,Egg
GASTLY,18,32.5,11,0.6111111111111112,79.0,0.007735583684950774,92,Gastly,Egg
GASTLY,24,34.5,11,0.4583333333333333,79.0,0.00580168776371308,92,Gastly,Egg
GASTLY,30,36.5,11,0.36666666666666664,79.0,0.004641350210970464,92,Gastly,Egg
GASTLY,36,38.5,11,0.3055555555555556,79.0,0.003867791842475387,92,Gastly,Egg
GASTLY,45,39.5,11,0.24444444444444444,79.0,0.0030942334739803095,92,Gastly,Egg
HAUNTER,3,10.5,18,6.0,5.2,1.1538461538461537,93,Haunter,Gastly
HAUNTER,6,20.5,18,3.0,5.2,0.5769230769230769,93,Haunter,Gastly
HAUNTER,9,25.5,18,2.0,5.2,0.3846153846153846,93,Haunter,Gastly
HAUNTER,12,30.5,18,1.5,5.2,0.28846153846153844,93,Haunter,Gastly
HAUNTER,18,32.5,18,1.0,5.2,0.1923076923076923,93,Haunter,Gastly
HAUNTER,24,34.5,18,0.75,5.2,0.14423076923076922,93,Haunter,Gastly
HAUNTER,30,36.5,18,0.6,5.2,0.11538461538461538,93,Haunter,Gastly
HAUNTER,36,38.5,18,0.5,5.2,0.09615384615384615,93,Haunter,Gastly
HAUNTER,45,39.5,18,0.4,5.2,0.07692307692307693,93,Haunter,Gastly
GENGAR,3,10.5,29,9.666666666666666,0.67,14.427860696517412,94,Gengar,Haunter
GENGAR,6,20.5,29,4.833333333333333,0.67,7.213930348258706,94,Gengar,Haunter
GENGAR,9,25.5,29,3.2222222222222223,0.67,4.8092868988391375,94,Gengar,Haunter
GENGAR,12,30.5,29,2.4166666666666665,0.67,3.606965174129353,94,Gengar,Haunter
GENGAR,18,32.5,29,1.6111111111111112,0.67,2.4046434494195688,94,Gengar,Haunter
GENGAR,24,34.5,29,1.2083333333333333,0.67,1.8034825870646765,94,Gengar,Haunter
GENGAR,30,36.5,29,0.9666666666666667,0.67,1.4427860696517412,94,Gengar,Haunter
GENGAR,36,38.5,29,0.8055555555555556,0.67,1.2023217247097844,94,Gengar,Haunter
GENGAR,45,39.5,29,0.6444444444444445,0.67,0.9618573797678275,94,Gengar,Haunter
ONIX,5,10.5,12,2.4,10.0,0.24,95,Onix,Egg
ONIX,10,20.5,12,1.2,10.0,0.12,95,Onix,Egg
ONIX,15,25.5,12,0.8,10.0,0.08,95,Onix,Egg
ONIX,20,30.5,12,0.6,10.0,0.06,95,Onix,Egg
ONIX,30,32.5,12,0.4,10.0,0.04,95,Onix,Egg
ONIX,40,34.5,12,0.3,10.0,0.03,95,Onix,Egg
ONIX,50,36.5,12,0.24,10.0,0.024,95,Onix,Egg
ONIX,60,38.5,12,0.2,10.0,0.02,95,Onix,Egg
ONIX,75,39.5,12,0.16,10.0,0.016,95,Onix,Egg
DROWZEE,3,10.5,22,7.333333333333333,321.0,0.02284527518172378,96,Drowzee,Egg
DROWZEE,6,20.5,22,3.6666666666666665,321.0,0.01142263759086189,96,Drowzee,Egg
DROWZEE,9,25.5,22,2.4444444444444446,321.0,0.00761509172724126,96,Drowzee,Egg
DROWZEE,12,30.5,22,1.8333333333333333,321.0,0.005711318795430945,96,Drowzee,Egg
DROWZEE,18,32.5,22,1.2222222222222223,321.0,0.00380754586362063,96,Drowzee,Egg
DROWZEE,24,34.5,22,0.9166666666666666,321.0,0.0028556593977154725,96,Drowzee,Egg
DROWZEE,30,36.5,22,0.7333333333333333,321.0,0.002284527518172378,96,Drowzee,Egg
DROWZEE,36,38.5,22,0.6111111111111112,321.0,0.001903772931810315,96,Drowzee,Egg
DROWZEE,45,39.5,22,0.4888888888888889,321.0,0.001523018345448252,96,Drowzee,Egg
HYPNO,3,10.5,29,9.666666666666666,10.0,0.9666666666666666,97,Hypno,Drowzee
HYPNO,6,20.5,29,4.833333333333333,10.0,0.4833333333333333,97,Hypno,Drowzee
HYPNO,9,25.5,29,3.2222222222222223,10.0,0.32222222222222224,97,Hypno,Drowzee
HYPNO,12,30.5,29,2.4166666666666665,10.0,0.24166666666666664,97,Hypno,Drowzee
HYPNO,18,32.5,29,1.6111111111111112,10.0,0.16111111111111112,97,Hypno,Drowzee
HYPNO,24,34.5,29,1.2083333333333333,10.0,0.12083333333333332,97,Hypno,Drowzee
HYPNO,30,36.5,29,0.9666666666666667,10.0,0.09666666666666666,97,Hypno,Drowzee
HYPNO,36,38.5,29,0.8055555555555556,10.0,0.08055555555555556,97,Hypno,Drowzee
HYPNO,45,39.5,29,0.6444444444444445,10.0,0.06444444444444444,97,Hypno,Drowzee
KINGLER,3,10.5,25,8.333333333333334,6.2,1.3440860215053765,99,Kingler,Krabby
KINGLER,6,20.5,25,4.166666666666667,6.2,0.6720430107526882,99,Kingler,Krabby
KINGLER,9,25.5,25,2.7777777777777777,6.2,0.4480286738351254,99,Kingler,Krabby
KINGLER,12,30.5,25,2.0833333333333335,6.2,0.3360215053763441,99,Kingler,Krabby
KINGLER,18,32.5,25,1.3888888888888888,6.2,0.2240143369175627,99,Kingler,Krabby
KINGLER,24,34.5,25,1.0416666666666667,6.2,0.16801075268817206,99,Kingler,Krabby
KINGLER,30,36.5,25,0.8333333333333334,6.2,0.13440860215053763,99,Kingler,Krabby
KINGLER,36,38.5,25,0.6944444444444444,6.2,0.11200716845878135,99,Kingler,Krabby
KINGLER,45,39.5,25,0.5555555555555556,6.2,0.08960573476702509,99,Kingler,Krabby
ELECTRODE,3,10.5,21,7.0,2.0,3.5,101,Electrode,Voltorb
ELECTRODE,6,20.5,21,3.5,2.0,1.75,101,Electrode,Voltorb
ELECTRODE,9,25.5,21,2.3333333333333335,2.0,1.1666666666666667,101,Electrode,Voltorb
ELECTRODE,12,30.5,21,1.75,2.0,0.875,101,Electrode,Voltorb
ELECTRODE,18,32.5,21,1.1666666666666667,2.0,0.5833333333333334,101,Electrode,Voltorb
ELECTRODE,24,34.5,21,0.875,2.0,0.4375,101,Electrode,Voltorb
ELECTRODE,30,36.5,21,0.7,2.0,0.35,101,Electrode,Voltorb
ELECTRODE,36,38.5,21,0.5833333333333334,2.0,0.2916666666666667,101,Electrode,Voltorb
ELECTRODE,45,39.5,21,0.4666666666666667,2.0,0.23333333333333334,101,Electrode,Voltorb
EXEGGUTOR,3,10.5,38,12.666666666666666,1.4,9.047619047619047,103,Exeggutor,Exeggcute
EXEGGUTOR,6,20.5,38,6.333333333333333,1.4,4.523809523809524,103,Exeggutor,Exeggcute
EXEGGUTOR,9,25.5,38,4.222222222222222,1.4,3.0158730158730163,103,Exeggutor,Exeggcute
EXEGGUTOR,12,30.5,38,3.1666666666666665,1.4,2.261904761904762,103,Exeggutor,Exeggcute
EXEGGUTOR,18,32.5,38,2.111111111111111,1.4,1.5079365079365081,103,Exeggutor,Exeggcute
EXEGGUTOR,24,34.5,38,1.5833333333333333,1.4,1.130952380952381,103,Exeggutor,Exeggcute
EXEGGUTOR,30,36.5,38,1.2666666666666666,1.4,0.9047619047619048,103,Exeggutor,Exeggcute
EXEGGUTOR,36,38.5,38,1.0555555555555556,1.4,0.7539682539682541,103,Exeggutor,Exeggcute
EXEGGUTOR,45,39.5,38,0.8444444444444444,1.4,0.6031746031746033,103,Exeggutor,Exeggcute
MAROWAK,3,10.5,22,7.333333333333333,2.0,3.6666666666666665,105,Marowak,Cubone
MAROWAK,6,20.5,22,3.6666666666666665,2.0,1.8333333333333333,105,Marowak,Cubone
MAROWAK,9,25.5,22,2.4444444444444446,2.0,1.2222222222222223,105,Marowak,Cubone
MAROWAK,12,30.5,22,1.8333333333333333,2.0,0.9166666666666666,105,Marowak,Cubone
MAROWAK,18,32.5,22,1.2222222222222223,2.0,0.6111111111111112,105,Marowak,Cubone
MAROWAK,24,34.5,22,0.9166666666666666,2.0,0.4583333333333333,105,Marowak,Cubone
MAROWAK,30,36.5,22,0.7333333333333333,2.0,0.36666666666666664,105,Marowak,Cubone
MAROWAK,36,38.5,22,0.6111111111111112,2.0,0.3055555555555556,105,Marowak,Cubone
MAROWAK,45,39.5,22,0.4888888888888889,2.0,0.24444444444444444,105,Marowak,Cubone
HITMONLEE,5,10.5,21,4.2,2.0,2.1,106,Hitmonlee,Tyrogue
HITMONLEE,10,20.5,21,2.1,2.0,1.05,106,Hitmonlee,Tyrogue
HITMONLEE,15,25.5,21,1.4,2.0,0.7,106,Hitmonlee,Tyrogue
HITMONLEE,20,30.5,21,1.05,2.0,0.525,106,Hitmonlee,Tyrogue
HITMONLEE,30,32.5,21,0.7,2.0,0.35,106,Hitmonlee,Tyrogue
HITMONLEE,40,34.5,21,0.525,2.0,0.2625,106,Hitmonlee,Tyrogue
HITMONLEE,50,36.5,21,0.42,2.0,0.21,106,Hitmonlee,Tyrogue
HITMONLEE,60,38.5,21,0.35,2.0,0.175,106,Hitmonlee,Tyrogue
HITMONLEE,75,39.5,21,0.28,2.0,0.14,106,Hitmonlee,Tyrogue
HITMONCHAN,5,10.5,21,4.2,2.2,1.909090909090909,107,Hitmonchan,Tyrogue
HITMONCHAN,10,20.5,21,2.1,2.2,0.9545454545454545,107,Hitmonchan,Tyrogue
HITMONCHAN,15,25.5,21,1.4,2.2,0.6363636363636362,107,Hitmonchan,Tyrogue
HITMONCHAN,20,30.5,21,1.05,2.2,0.47727272727272724,107,Hitmonchan,Tyrogue
HITMONCHAN,30,32.5,21,0.7,2.2,0.3181818181818181,107,Hitmonchan,Tyrogue
HITMONCHAN,40,34.5,21,0.525,2.2,0.23863636363636362,107,Hitmonchan,Tyrogue
HITMONCHAN,50,36.5,21,0.42,2.2,0.1909090909090909,107,Hitmonchan,Tyrogue
HITMONCHAN,60,38.5,21,0.35,2.2,0.15909090909090906,107,Hitmonchan,Tyrogue
HITMONCHAN,75,39.5,21,0.28,2.2,0.1272727272727273,107,Hitmonchan,Tyrogue
LICKITUNG,3,10.5,22,7.333333333333333,1.1,6.666666666666666,108,Lickitung,Egg
LICKITUNG,6,20.5,22,3.6666666666666665,1.1,3.333333333333333,108,Lickitung,Egg
LICKITUNG,9,25.5,22,2.4444444444444446,1.1,2.2222222222222223,108,Lickitung,Egg
LICKITUNG,12,30.5,22,1.8333333333333333,1.1,1.6666666666666665,108,Lickitung,Egg
LICKITUNG,18,32.5,22,1.2222222222222223,1.1,1.1111111111111112,108,Lickitung,Egg
LICKITUNG,24,34.5,22,0.9166666666666666,1.1,0.8333333333333333,108,Lickitung,Egg
LICKITUNG,30,36.5,22,0.7333333333333333,1.1,0.6666666666666665,108,Lickitung,Egg
LICKITUNG,36,38.5,22,0.6111111111111112,1.1,0.5555555555555556,108,Lickitung,Egg
LICKITUNG,45,39.5,22,0.4888888888888889,1.1,0.4444444444444444,108,Lickitung,Egg
KOFFING,3,10.5,16,5.333333333333333,20.0,0.26666666666666666,109,Koffing,Egg
KOFFING,6,20.5,16,2.6666666666666665,20.0,0.13333333333333333,109,Koffing,Egg
KOFFING,9,25.5,16,1.7777777777777777,20.0,0.08888888888888888,109,Koffing,Egg
KOFFING,12,30.5,16,1.3333333333333333,20.0,0.06666666666666667,109,Koffing,Egg
KOFFING,18,32.5,16,0.8888888888888888,20.0,0.04444444444444444,109,Koffing,Egg
KOFFING,24,34.5,16,0.6666666666666666,20.0,0.03333333333333333,109,Koffing,Egg
KOFFING,30,36.5,16,0.5333333333333333,20.0,0.026666666666666665,109,Koffing,Egg
KOFFING,36,38.5,16,0.4444444444444444,20.0,0.02222222222222222,109,Koffing,Egg
KOFFING,45,39.5,16,0.35555555555555557,20.0,0.017777777777777778,109,Koffing,Egg
WEEZING,3,10.5,32,10.666666666666666,1.6,6.666666666666666,110,Weezing,Koffing
WEEZING,3,10.5,37,12.333333333333334,1.6,7.708333333333333,110,Weezing,Koffing
WEEZING,6,20.5,32,5.333333333333333,1.6,3.333333333333333,110,Weezing,Koffing
WEEZING,6,20.5,37,6.166666666666667,1.6,3.8541666666666665,110,Weezing,Koffing
WEEZING,9,25.5,32,3.5555555555555554,1.6,2.222222222222222,110,Weezing,Koffing
WEEZING,9,25.5,37,4.111111111111111,1.6,2.569444444444444,110,Weezing,Koffing
WEEZING,12,30.5,32,2.6666666666666665,1.6,1.6666666666666665,110,Weezing,Koffing
WEEZING,12,30.5,37,3.0833333333333335,1.6,1.9270833333333333,110,Weezing,Koffing
WEEZING,18,32.5,32,1.7777777777777777,1.6,1.111111111111111,110,Weezing,Koffing
WEEZING,18,32.5,37,2.0555555555555554,1.6,1.284722222222222,110,Weezing,Koffing
WEEZING,24,34.5,32,1.3333333333333333,1.6,0.8333333333333333,110,Weezing,Koffing
WEEZING,24,34.5,37,1.5416666666666667,1.6,0.9635416666666666,110,Weezing,Koffing
WEEZING,30,36.5,32,1.0666666666666667,1.6,0.6666666666666666,110,Weezing,Koffing
WEEZING,30,36.5,37,1.2333333333333334,1.6,0.7708333333333334,110,Weezing,Koffing
WEEZING,36,38.5,32,0.8888888888888888,1.6,0.5555555555555555,110,Weezing,Koffing
WEEZING,36,38.5,37,1.0277777777777777,1.6,0.642361111111111,110,Weezing,Koffing
WEEZING,45,39.5,32,0.7111111111111111,1.6,0.4444444444444444,110,Weezing,Koffing
WEEZING,45,39.5,37,0.8222222222222222,1.6,0.5138888888888888,110,Weezing,Koffing
RHYHORN,3,10.5,16,5.333333333333333,63.0,0.08465608465608465,111,Rhyhorn,Egg
RHYHORN,6,20.5,16,2.6666666666666665,63.0,0.042328042328042326,111,Rhyhorn,Egg
RHYHORN,9,25.5,16,1.7777777777777777,63.0,0.02821869488536155,111,Rhyhorn,Egg
RHYHORN,12,30.5,16,1.3333333333333333,63.0,0.021164021164021163,111,Rhyhorn,Egg
RHYHORN,18,32.5,16,0.8888888888888888,63.0,0.014109347442680775,111,Rhyhorn,Egg
RHYHORN,24,34.5,16,0.6666666666666666,63.0,0.010582010582010581,111,Rhyhorn,Egg
RHYHORN,30,36.5,16,0.5333333333333333,63.0,0.008465608465608466,111,Rhyhorn,Egg
RHYHORN,36,38.5,16,0.4444444444444444,63.0,0.007054673721340388,111,Rhyhorn,Egg
RHYHORN,45,39.5,16,0.35555555555555557,63.0,0.005643738977072311,111,Rhyhorn,Egg
RHYDON,3,10.5,29,9.666666666666666,2.2,4.393939393939394,112,Rhydon,Rhyhorn
RHYDON,6,20.5,29,4.833333333333333,2.2,2.196969696969697,112,Rhydon,Rhyhorn
RHYDON,9,25.5,29,3.2222222222222223,2.2,1.4646464646464645,112,Rhydon,Rhyhorn
RHYDON,12,30.5,29,2.4166666666666665,2.2,1.0984848484848484,112,Rhydon,Rhyhorn
RHYDON,18,32.5,29,1.6111111111111112,2.2,0.7323232323232323,112,Rhydon,Rhyhorn
RHYDON,24,34.5,29,1.2083333333333333,2.2,0.5492424242424242,112,Rhydon,Rhyhorn
RHYDON,30,36.5,29,0.9666666666666667,2.2,0.43939393939393934,112,Rhydon,Rhyhorn
RHYDON,36,38.5,29,0.8055555555555556,2.2,0.36616161616161613,112,Rhydon,Rhyhorn
RHYDON,45,39.5,29,0.6444444444444445,2.2,0.29292929292929293,112,Rhydon,Rhyhorn
CHANSEY,5,10.5,9,1.8,1.3,1.3846153846153846,113,Chansey,Egg
CHANSEY,10,20.5,9,0.9,1.3,0.6923076923076923,113,Chansey,Egg
CHANSEY,15,25.5,9,0.6,1.3,0.4615384615384615,113,Chansey,Egg
CHANSEY,20,30.5,9,0.45,1.3,0.34615384615384615,113,Chansey,Egg
CHANSEY,30,32.5,9,0.3,1.3,0.23076923076923075,113,Chansey,Egg
CHANSEY,40,34.5,9,0.225,1.3,0.17307692307692307,113,Chansey,Egg
CHANSEY,50,36.5,9,0.18,1.3,0.13846153846153844,113,Chansey,Egg
CHANSEY,60,38.5,9,0.15,1.3,0.11538461538461538,113,Chansey,Egg
CHANSEY,75,39.5,9,0.12,1.3,0.0923076923076923,113,Chansey,Egg
TANGELA,3,10.5,25,8.333333333333334,22.8,0.3654970760233918,114,Tangela,Egg
TANGELA,6,20.5,25,4.166666666666667,22.8,0.1827485380116959,114,Tangela,Egg
TANGELA,9,25.5,25,2.7777777777777777,22.8,0.12183235867446393,114,Tangela,Egg
TANGELA,12,30.5,25,2.0833333333333335,22.8,0.09137426900584796,114,Tangela,Egg
TANGELA,18,32.5,25,1.3888888888888888,22.8,0.060916179337231965,114,Tangela,Egg
TANGELA,24,34.5,25,1.0416666666666667,22.8,0.04568713450292398,114,Tangela,Egg
TANGELA,30,36.5,25,0.8333333333333334,22.8,0.03654970760233918,114,Tangela,Egg
TANGELA,36,38.5,25,0.6944444444444444,22.8,0.030458089668615983,114,Tangela,Egg
TANGELA,45,39.5,25,0.5555555555555556,22.8,0.024366471734892786,114,Tangela,Egg
KANGASKHAN,3,10.5,29,9.666666666666666,0.86,11.240310077519378,115,Kangaskhan,Egg
KANGASKHAN,6,20.5,29,4.833333333333333,0.86,5.620155038759689,115,Kangaskhan,Egg
KANGASKHAN,9,25.5,29,3.2222222222222223,0.86,3.7467700258397936,115,Kangaskhan,Egg
KANGASKHAN,12,30.5,29,2.4166666666666665,0.86,2.8100775193798446,115,Kangaskhan,Egg
KANGASKHAN,18,32.5,29,1.6111111111111112,0.86,1.8733850129198968,115,Kangaskhan,Egg
KANGASKHAN,24,34.5,29,1.2083333333333333,0.86,1.4050387596899223,115,Kangaskhan,Egg
KANGASKHAN,30,36.5,29,0.9666666666666667,0.86,1.124031007751938,115,Kangaskhan,Egg
KANGASKHAN,36,38.5,29,0.8055555555555556,0.86,0.9366925064599484,115,Kangaskhan,Egg
KANGASKHAN,45,39.5,29,0.6444444444444445,0.86,0.7493540051679587,115,Kangaskhan,Egg
SEADRA,3,10.5,22,7.333333333333333,3.4,2.156862745098039,117,Seadra,Horsea
SEADRA,6,20.5,22,3.6666666666666665,3.4,1.0784313725490196,117,Seadra,Horsea
SEADRA,9,25.5,22,2.4444444444444446,3.4,0.7189542483660132,117,Seadra,Horsea
SEADRA,12,30.5,22,1.8333333333333333,3.4,0.5392156862745098,117,Seadra,Horsea
SEADRA,18,32.5,22,1.2222222222222223,3.4,0.3594771241830066,117,Seadra,Horsea
SEADRA,24,34.5,22,0.9166666666666666,3.4,0.2696078431372549,117,Seadra,Horsea
SEADRA,30,36.5,22,0.7333333333333333,3.4,0.2156862745098039,117,Seadra,Horsea
SEADRA,36,38.5,22,0.6111111111111112,3.4,0.1797385620915033,117,Seadra,Horsea
SEADRA,45,39.5,22,0.4888888888888889,3.4,0.1437908496732026,117,Seadra,Horsea
SEAKING,3,10.5,29,9.666666666666666,8.0,1.2083333333333333,119,Seaking,Goldeen
SEAKING,6,20.5,29,4.833333333333333,8.0,0.6041666666666666,119,Seaking,Goldeen
SEAKING,9,25.5,29,3.2222222222222223,8.0,0.4027777777777778,119,Seaking,Goldeen
SEAKING,12,30.5,29,2.4166666666666665,8.0,0.3020833333333333,119,Seaking,Goldeen
SEAKING,18,32.5,29,1.6111111111111112,8.0,0.2013888888888889,119,Seaking,Goldeen
SEAKING,24,34.5,29,1.2083333333333333,8.0,0.15104166666666666,119,Seaking,Goldeen
SEAKING,30,36.5,29,0.9666666666666667,8.0,0.12083333333333333,119,Seaking,Goldeen
SEAKING,36,38.5,29,0.8055555555555556,8.0,0.10069444444444445,119,Seaking,Goldeen
SEAKING,45,39.5,29,0.6444444444444445,8.0,0.08055555555555556,119,Seaking,Goldeen
STARMIE,3,10.5,30,10.0,3.4,2.9411764705882355,121,Starmie,Staryu
STARMIE,6,20.5,30,5.0,3.4,1.4705882352941178,121,Starmie,Staryu
STARMIE,9,25.5,30,3.3333333333333335,3.4,0.9803921568627452,121,Starmie,Staryu
STARMIE,12,30.5,30,2.5,3.4,0.7352941176470589,121,Starmie,Staryu
STARMIE,18,32.5,30,1.6666666666666667,3.4,0.4901960784313726,121,Starmie,Staryu
STARMIE,24,34.5,30,1.25,3.4,0.36764705882352944,121,Starmie,Staryu
STARMIE,30,36.5,30,1.0,3.4,0.29411764705882354,121,Starmie,Staryu
STARMIE,36,38.5,30,0.8333333333333334,3.4,0.2450980392156863,121,Starmie,Staryu
STARMIE,45,39.5,30,0.6666666666666666,3.4,0.19607843137254902,121,Starmie,Staryu
SCYTHER,5,10.5,30,6.0,14.0,0.42857142857142855,123,Scyther,Egg
SCYTHER,10,20.5,30,3.0,14.0,0.21428571428571427,123,Scyther,Egg
SCYTHER,15,25.5,30,2.0,14.0,0.14285714285714285,123,Scyther,Egg
SCYTHER,20,30.5,30,1.5,14.0,0.10714285714285714,123,Scyther,Egg
SCYTHER,30,32.5,30,1.0,14.0,0.07142857142857142,123,Scyther,Egg
SCYTHER,40,34.5,30,0.75,14.0,0.05357142857142857,123,Scyther,Egg
SCYTHER,50,36.5,30,0.6,14.0,0.04285714285714286,123,Scyther,Egg
SCYTHER,60,38.5,30,0.5,14.0,0.03571428571428571,123,Scyther,Egg
SCYTHER,75,39.5,30,0.4,14.0,0.028571428571428574,123,Scyther,Egg
JYNX,5,10.5,22,4.4,35.0,0.12571428571428572,124,Jynx,Smoochum
JYNX,10,20.5,22,2.2,35.0,0.06285714285714286,124,Jynx,Smoochum
JYNX,15,25.5,22,1.4666666666666666,35.0,0.0419047619047619,124,Jynx,Smoochum
JYNX,20,30.5,22,1.1,35.0,0.03142857142857143,124,Jynx,Smoochum
JYNX,30,32.5,22,0.7333333333333333,35.0,0.02095238095238095,124,Jynx,Smoochum
JYNX,40,34.5,22,0.55,35.0,0.015714285714285715,124,Jynx,Smoochum
JYNX,50,36.5,22,0.44,35.0,0.012571428571428572,124,Jynx,Smoochum
JYNX,60,38.5,22,0.36666666666666664,35.0,0.010476190476190476,124,Jynx,Smoochum
JYNX,75,39.5,22,0.29333333333333333,35.0,0.008380952380952381,124,Jynx,Smoochum
ELECTABUZZ,5,10.5,30,6.0,7.4,0.8108108108108107,125,Electabuzz,Elekid
ELECTABUZZ,10,20.5,30,3.0,7.4,0.4054054054054054,125,Electabuzz,Elekid
ELECTABUZZ,15,25.5,30,2.0,7.4,0.27027027027027023,125,Electabuzz,Elekid
ELECTABUZZ,20,30.5,30,1.5,7.4,0.2027027027027027,125,Electabuzz,Elekid
ELECTABUZZ,30,32.5,30,1.0,7.4,0.13513513513513511,125,Electabuzz,Elekid
ELECTABUZZ,40,34.5,30,0.75,7.4,0.10135135135135134,125,Electabuzz,Elekid
ELECTABUZZ,50,36.5,30,0.6,7.4,0.08108108108108107,125,Electabuzz,Elekid
ELECTABUZZ,60,38.5,30,0.5,7.4,0.06756756756756756,125,Electabuzz,Elekid
ELECTABUZZ,75,39.5,30,0.4,7.4,0.05405405405405406,125,Electabuzz,Elekid
MAGMAR,5,10.5,31,6.2,10.0,0.62,126,Magmar,Magby
MAGMAR,5,10.5,32,6.4,10.0,0.64,126,Magmar,Magby
MAGMAR,10,20.5,31,3.1,10.0,0.31,126,Magmar,Magby
MAGMAR,10,20.5,32,3.2,10.0,0.32,126,Magmar,Magby
MAGMAR,15,25.5,31,2.066666666666667,10.0,0.2066666666666667,126,Magmar,Magby
MAGMAR,15,25.5,32,2.1333333333333333,10.0,0.21333333333333332,126,Magmar,Magby
MAGMAR,20,30.5,31,1.55,10.0,0.155,126,Magmar,Magby
MAGMAR,20,30.5,32,1.6,10.0,0.16,126,Magmar,Magby
MAGMAR,30,32.5,31,1.0333333333333334,10.0,0.10333333333333335,126,Magmar,Magby
MAGMAR,30,32.5,32,1.0666666666666667,10.0,0.10666666666666666,126,Magmar,Magby
MAGMAR,40,34.5,31,0.775,10.0,0.0775,126,Magmar,Magby
MAGMAR,40,34.5,32,0.8,10.0,0.08,126,Magmar,Magby
MAGMAR,50,36.5,31,0.62,10.0,0.062,126,Magmar,Magby
MAGMAR,50,36.5,32,0.64,10.0,0.064,126,Magmar,Magby
MAGMAR,60,38.5,31,0.5166666666666667,10.0,0.05166666666666667,126,Magmar,Magby
MAGMAR,60,38.5,32,0.5333333333333333,10.0,0.05333333333333333,126,Magmar,Magby
MAGMAR,75,39.5,31,0.41333333333333333,10.0,0.04133333333333333,126,Magmar,Magby
MAGMAR,75,39.5,32,0.4266666666666667,10.0,0.04266666666666667,126,Magmar,Magby
PINSIR,5,10.5,29,5.8,99.0,0.05858585858585858,127,Pinsir,Egg
PINSIR,5,10.5,30,6.0,99.0,0.06060606060606061,127,Pinsir,Egg
PINSIR,10,20.5,29,2.9,99.0,0.02929292929292929,127,Pinsir,Egg
PINSIR,10,20.5,30,3.0,99.0,0.030303030303030304,127,Pinsir,Egg
PINSIR,15,25.5,29,1.9333333333333333,99.0,0.019528619528619527,127,Pinsir,Egg
PINSIR,15,25.5,30,2.0,99.0,0.020202020202020204,127,Pinsir,Egg
PINSIR,20,30.5,29,1.45,99.0,0.014646464646464645,127,Pinsir,Egg
PINSIR,20,30.5,30,1.5,99.0,0.015151515151515152,127,Pinsir,Egg
PINSIR,30,32.5,29,0.9666666666666667,99.0,0.009764309764309764,127,Pinsir,Egg
PINSIR,30,32.5,30,1.0,99.0,0.010101010101010102,127,Pinsir,Egg
PINSIR,40,34.5,29,0.725,99.0,0.007323232323232323,127,Pinsir,Egg
PINSIR,40,34.5,30,0.75,99.0,0.007575757575757576,127,Pinsir,Egg
PINSIR,50,36.5,29,0.58,99.0,0.005858585858585858,127,Pinsir,Egg
PINSIR,50,36.5,30,0.6,99.0,0.006060606060606061,127,Pinsir,Egg
PINSIR,60,38.5,29,0.48333333333333334,99.0,0.004882154882154882,127,Pinsir,Egg
PINSIR,60,38.5,30,0.5,99.0,0.005050505050505051,127,Pinsir,Egg
PINSIR,75,39.5,29,0.38666666666666666,99.0,0.0039057239057239054,127,Pinsir,Egg
PINSIR,75,39.5,30,0.4,99.0,0.00404040404040404,127,Pinsir,Egg
TAUROS,3,10.5,25,8.333333333333334,12.0,0.6944444444444445,128,Tauros,Egg
TAUROS,6,20.5,25,4.166666666666667,12.0,0.34722222222222227,128,Tauros,Egg
TAUROS,9,25.5,25,2.7777777777777777,12.0,0.23148148148148148,128,Tauros,Egg
TAUROS,12,30.5,25,2.0833333333333335,12.0,0.17361111111111113,128,Tauros,Egg
TAUROS,18,32.5,25,1.3888888888888888,12.0,0.11574074074074074,128,Tauros,Egg
TAUROS,24,34.5,25,1.0416666666666667,12.0,0.08680555555555557,128,Tauros,Egg
TAUROS,30,36.5,25,0.8333333333333334,12.0,0.06944444444444445,128,Tauros,Egg
TAUROS,36,38.5,25,0.6944444444444444,12.0,0.05787037037037037,128,Tauros,Egg
TAUROS,45,39.5,25,0.5555555555555556,12.0,0.0462962962962963,128,Tauros,Egg
MAGIKARP,1,10.5,3,3.0,478.0,0.006276150627615063,129,Magikarp,Egg
MAGIKARP,2,20.5,3,1.5,478.0,0.0031380753138075313,129,Magikarp,Egg
MAGIKARP,3,25.5,3,1.0,478.0,0.0020920502092050207,129,Magikarp,Egg
MAGIKARP,4,30.5,3,0.75,478.0,0.0015690376569037657,129,Magikarp,Egg
MAGIKARP,6,32.5,3,0.5,478.0,0.0010460251046025104,129,Magikarp,Egg
MAGIKARP,8,34.5,3,0.375,478.0,0.0007845188284518828,129,Magikarp,Egg
MAGIKARP,10,36.5,3,0.3,478.0,0.0006276150627615063,129,Magikarp,Egg
MAGIKARP,12,38.5,3,0.25,478.0,0.0005230125523012552,129,Magikarp,Egg
MAGIKARP,15,39.5,3,0.2,478.0,0.0004184100418410042,129,Magikarp,Egg
GYARADOS,1,10.5,39,39.0,0.32,121.875,130,Gyarados,Magikarp
GYARADOS,2,20.5,39,19.5,0.32,60.9375,130,Gyarados,Magikarp
GYARADOS,3,25.5,39,13.0,0.32,40.625,130,Gyarados,Magikarp
GYARADOS,4,30.5,39,9.75,0.32,30.46875,130,Gyarados,Magikarp
GYARADOS,6,32.5,39,6.5,0.32,20.3125,130,Gyarados,Magikarp
GYARADOS,8,34.5,39,4.875,0.32,15.234375,130,Gyarados,Magikarp
GYARADOS,10,36.5,39,3.9,0.32,12.1875,130,Gyarados,Magikarp
GYARADOS,12,38.5,39,3.25,0.32,10.15625,130,Gyarados,Magikarp
GYARADOS,15,39.5,39,2.6,0.32,8.125,130,Gyarados,Magikarp
LAPRAS,5,10.5,43,8.6,0.6,14.333333333333334,131,Lapras,Egg
LAPRAS,10,20.5,43,4.3,0.6,7.166666666666667,131,Lapras,Egg
LAPRAS,15,25.5,43,2.8666666666666667,0.6,4.777777777777778,131,Lapras,Egg
LAPRAS,20,30.5,43,2.15,0.6,3.5833333333333335,131,Lapras,Egg
LAPRAS,30,32.5,43,1.4333333333333333,0.6,2.388888888888889,131,Lapras,Egg
LAPRAS,40,34.5,43,1.075,0.6,1.7916666666666667,131,Lapras,Egg
LAPRAS,50,36.5,43,0.86,0.6,1.4333333333333333,131,Lapras,Egg
LAPRAS,60,38.5,43,0.7166666666666667,0.6,1.1944444444444444,131,Lapras,Egg
LAPRAS,75,39.5,43,0.5733333333333334,0.6,0.9555555555555556,131,Lapras,Egg
EEVEE,5,10.5,17,3.4,275.0,0.012363636363636363,133,Eevee,Egg
EEVEE,10,20.5,17,1.7,275.0,0.0061818181818181816,133,Eevee,Egg
EEVEE,15,25.5,17,1.1333333333333333,275.0,0.004121212121212121,133,Eevee,Egg
EEVEE,20,30.5,17,0.85,275.0,0.0030909090909090908,133,Eevee,Egg
EEVEE,30,32.5,17,0.5666666666666667,275.0,0.0020606060606060605,133,Eevee,Egg
EEVEE,40,34.5,17,0.425,275.0,0.0015454545454545454,133,Eevee,Egg
EEVEE,50,36.5,17,0.34,275.0,0.0012363636363636364,133,Eevee,Egg
EEVEE,60,38.5,17,0.2833333333333333,275.0,0.0010303030303030303,133,Eevee,Egg
EEVEE,75,39.5,17,0.22666666666666666,275.0,0.0008242424242424242,133,Eevee,Egg
VAPOREON,5,10.5,40,8.0,1.4,5.714285714285714,134,Vaporeon,Eevee
VAPOREON,10,20.5,40,4.0,1.4,2.857142857142857,134,Vaporeon,Eevee
VAPOREON,15,25.5,40,2.6666666666666665,1.4,1.9047619047619049,134,Vaporeon,Eevee
VAPOREON,20,30.5,40,2.0,1.4,1.4285714285714286,134,Vaporeon,Eevee
VAPOREON,30,32.5,40,1.3333333333333333,1.4,0.9523809523809524,134,Vaporeon,Eevee
VAPOREON,40,34.5,40,1.0,1.4,0.7142857142857143,134,Vaporeon,Eevee
VAPOREON,50,36.5,40,0.8,1.4,0.5714285714285715,134,Vaporeon,Eevee
VAPOREON,60,38.5,40,0.6666666666666666,1.4,0.4761904761904762,134,Vaporeon,Eevee
VAPOREON,75,39.5,40,0.5333333333333333,1.4,0.380952380952381,134,Vaporeon,Eevee
JOLTEON,5,10.5,30,6.0,1.2,5.0,135,Jolteon,Eevee
JOLTEON,10,20.5,30,3.0,1.2,2.5,135,Jolteon,Eevee
JOLTEON,15,25.5,30,2.0,1.2,1.6666666666666667,135,Jolteon,Eevee
JOLTEON,20,30.5,30,1.5,1.2,1.25,135,Jolteon,Eevee
JOLTEON,30,32.5,30,1.0,1.2,0.8333333333333334,135,Jolteon,Eevee
JOLTEON,40,34.5,30,0.75,1.2,0.625,135,Jolteon,Eevee
JOLTEON,50,36.5,30,0.6,1.2,0.5,135,Jolteon,Eevee
JOLTEON,60,38.5,30,0.5,1.2,0.4166666666666667,135,Jolteon,Eevee
JOLTEON,75,39.5,30,0.4,1.2,0.33333333333333337,135,Jolteon,Eevee
FLAREON,5,10.5,37,7.4,1.7,4.352941176470589,136,Flareon,Eevee
FLAREON,10,20.5,37,3.7,1.7,2.1764705882352944,136,Flareon,Eevee
FLAREON,15,25.5,37,2.466666666666667,1.7,1.450980392156863,136,Flareon,Eevee
FLAREON,20,30.5,37,1.85,1.7,1.0882352941176472,136,Flareon,Eevee
FLAREON,30,32.5,37,1.2333333333333334,1.7,0.7254901960784315,136,Flareon,Eevee
FLAREON,40,34.5,37,0.925,1.7,0.5441176470588236,136,Flareon,Eevee
FLAREON,50,36.5,37,0.74,1.7,0.43529411764705883,136,Flareon,Eevee
FLAREON,60,38.5,37,0.6166666666666667,1.7,0.36274509803921573,136,Flareon,Eevee
FLAREON,75,39.5,37,0.49333333333333335,1.7,0.2901960784313726,136,Flareon,Eevee
PORYGON,3,10.5,24,8.0,1.2,6.666666666666667,137,Porygon,Egg
PORYGON,6,20.5,24,4.0,1.2,3.3333333333333335,137,Porygon,Egg
PORYGON,9,25.5,24,2.6666666666666665,1.2,2.2222222222222223,137,Porygon,Egg
PORYGON,12,30.5,24,2.0,1.2,1.6666666666666667,137,Porygon,Egg
PORYGON,18,32.5,24,1.3333333333333333,1.2,1.1111111111111112,137,Porygon,Egg
PORYGON,24,34.5,24,1.0,1.2,0.8333333333333334,137,Porygon,Egg
PORYGON,30,36.5,24,0.8,1.2,0.6666666666666667,137,Porygon,Egg
PORYGON,36,38.5,24,0.6666666666666666,1.2,0.5555555555555556,137,Porygon,Egg
PORYGON,45,39.5,24,0.5333333333333333,1.2,0.4444444444444445,137,Porygon,Egg
OMASTAR,5,10.5,32,6.4,0.61,10.491803278688526,139,Omastar,Omanyte
OMASTAR,10,20.5,32,3.2,0.61,5.245901639344263,139,Omastar,Omanyte
OMASTAR,15,25.5,32,2.1333333333333333,0.61,3.4972677595628414,139,Omastar,Omanyte
OMASTAR,20,30.5,32,1.6,0.61,2.6229508196721314,139,Omastar,Omanyte
OMASTAR,30,32.5,32,1.0666666666666667,0.61,1.7486338797814207,139,Omastar,Omanyte
OMASTAR,40,34.5,32,0.8,0.61,1.3114754098360657,139,Omastar,Omanyte
OMASTAR,50,36.5,32,0.64,0.61,1.0491803278688525,139,Omastar,Omanyte
OMASTAR,60,38.5,32,0.5333333333333333,0.61,0.8743169398907104,139,Omastar,Omanyte
OMASTAR,75,39.5,32,0.4266666666666667,0.61,0.6994535519125684,139,Omastar,Omanyte
KABUTO,5,10.5,16,3.2,10.0,0.32,140,Kabuto,Egg
KABUTO,10,20.5,16,1.6,10.0,0.16,140,Kabuto,Egg
KABUTO,15,25.5,16,1.0666666666666667,10.0,0.10666666666666666,140,Kabuto,Egg
KABUTO,20,30.5,16,0.8,10.0,0.08,140,Kabuto,Egg
KABUTO,30,32.5,16,0.5333333333333333,10.0,0.05333333333333333,140,Kabuto,Egg
KABUTO,40,34.5,16,0.4,10.0,0.04,140,Kabuto,Egg
KABUTO,50,36.5,16,0.32,10.0,0.032,140,Kabuto,Egg
KABUTO,60,38.5,16,0.26666666666666666,10.0,0.026666666666666665,140,Kabuto,Egg
KABUTO,75,39.5,16,0.21333333333333335,10.0,0.021333333333333336,140,Kabuto,Egg
KABUTOPS,5,10.5,30,6.0,0.32,18.75,141,Kabutops,Kabuto
KABUTOPS,10,20.5,30,3.0,0.32,9.375,141,Kabutops,Kabuto
KABUTOPS,15,25.5,30,2.0,0.32,6.25,141,Kabutops,Kabuto
KABUTOPS,20,30.5,30,1.5,0.32,4.6875,141,Kabutops,Kabuto
KABUTOPS,30,32.5,30,1.0,0.32,3.125,141,Kabutops,Kabuto
KABUTOPS,40,34.5,30,0.75,0.32,2.34375,141,Kabutops,Kabuto
KABUTOPS,50,36.5,30,0.6,0.32,1.875,141,Kabutops,Kabuto
KABUTOPS,60,38.5,30,0.5,0.32,1.5625,141,Kabutops,Kabuto
KABUTOPS,75,39.5,30,0.4,0.32,1.25,141,Kabutops,Kabuto
AERODACTYL,5,10.5,31,6.2,1.8,3.4444444444444446,142,Aerodactyl,Egg
AERODACTYL,10,20.5,31,3.1,1.8,1.7222222222222223,142,Aerodactyl,Egg
AERODACTYL,15,25.5,31,2.066666666666667,1.8,1.1481481481481481,142,Aerodactyl,Egg
AERODACTYL,20,30.5,31,1.55,1.8,0.8611111111111112,142,Aerodactyl,Egg
AERODACTYL,30,32.5,31,1.0333333333333334,1.8,0.5740740740740741,142,Aerodactyl,Egg
AERODACTYL,40,34.5,31,0.775,1.8,0.4305555555555556,142,Aerodactyl,Egg
AERODACTYL,50,36.5,31,0.62,1.8,0.34444444444444444,142,Aerodactyl,Egg
AERODACTYL,60,38.5,31,0.5166666666666667,1.8,0.28703703703703703,142,Aerodactyl,Egg
AERODACTYL,75,39.5,31,0.41333333333333333,1.8,0.22962962962962963,142,Aerodactyl,Egg
SNORLAX,5,10.5,45,9.0,1.6,5.625,143,Snorlax,Egg
SNORLAX,10,20.5,45,4.5,1.6,2.8125,143,Snorlax,Egg
SNORLAX,15,25.5,45,3.0,1.6,1.875,143,Snorlax,Egg
SNORLAX,20,30.5,45,2.25,1.6,1.40625,143,Snorlax,Egg
SNORLAX,30,32.5,45,1.5,1.6,0.9375,143,Snorlax,Egg
SNORLAX,40,34.5,45,1.125,1.6,0.703125,143,Snorlax,Egg
SNORLAX,50,36.5,45,0.9,1.6,0.5625,143,Snorlax,Egg
SNORLAX,60,38.5,45,0.75,1.6,0.46875,143,Snorlax,Egg
SNORLAX,75,39.5,45,0.6,1.6,0.37499999999999994,143,Snorlax,Egg
DRATINI,5,10.5,13,2.6,30.0,0.08666666666666667,147,Dratini,Egg
DRATINI,10,20.5,13,1.3,30.0,0.043333333333333335,147,Dratini,Egg
DRATINI,15,25.5,13,0.8666666666666667,30.0,0.02888888888888889,147,Dratini,Egg
DRATINI,20,30.5,13,0.65,30.0,0.021666666666666667,147,Dratini,Egg
DRATINI,30,32.5,13,0.43333333333333335,30.0,0.014444444444444446,147,Dratini,Egg
DRATINI,40,34.5,13,0.325,30.0,0.010833333333333334,147,Dratini,Egg
DRATINI,50,36.5,13,0.26,30.0,0.008666666666666666,147,Dratini,Egg
DRATINI,60,38.5,13,0.21666666666666667,30.0,0.007222222222222223,147,Dratini,Egg
DRATINI,75,39.5,13,0.17333333333333334,30.0,0.005777777777777778,147,Dratini,Egg
DRAGONAIR,5,10.5,25,5.0,2.0,2.5,148,Dragonair,Dratini
DRAGONAIR,10,20.5,25,2.5,2.0,1.25,148,Dragonair,Dratini
DRAGONAIR,15,25.5,25,1.6666666666666667,2.0,0.8333333333333334,148,Dragonair,Dratini
DRAGONAIR,20,30.5,25,1.25,2.0,0.625,148,Dragonair,Dratini
DRAGONAIR,30,32.5,25,0.8333333333333334,2.0,0.4166666666666667,148,Dragonair,Dratini
DRAGONAIR,40,34.5,25,0.625,2.0,0.3125,148,Dragonair,Dratini
DRAGONAIR,50,36.5,25,0.5,2.0,0.25,148,Dragonair,Dratini
DRAGONAIR,60,38.5,25,0.4166666666666667,2.0,0.20833333333333334,148,Dragonair,Dratini
DRAGONAIR,75,39.5,25,0.3333333333333333,2.0,0.16666666666666666,148,Dragonair,Dratini
DRAGONITE,5,10.5,50,10.0,0.11,90.9090909090909,149,Dragonite,Dragonair
DRAGONITE,10,20.5,50,5.0,0.11,45.45454545454545,149,Dragonite,Dragonair
DRAGONITE,15,25.5,50,3.3333333333333335,0.11,30.303030303030305,149,Dragonite,Dragonair
DRAGONITE,20,30.5,50,2.5,0.11,22.727272727272727,149,Dragonite,Dragonair
DRAGONITE,30,32.5,50,1.6666666666666667,0.11,15.151515151515152,149,Dragonite,Dragonair
DRAGONITE,40,34.5,50,1.25,0.11,11.363636363636363,149,Dragonite,Dragonair
DRAGONITE,50,36.5,50,1.0,0.11,9.090909090909092,149,Dragonite,Dragonair
DRAGONITE,60,38.5,50,0.8333333333333334,0.11,7.575757575757576,149,Dragonite,Dragonair
DRAGONITE,75,39.5,50,0.6666666666666666,0.11,6.0606060606060606,149,Dragonite,Dragonair
